{"stats":{"minecraft:killed":{"minecraft:player":3},"minecraft:killed_by":{"minecraft:player":2},"minecraft:custom":{"minecraft:time_since_rest":5326,"minecraft:crouch_one_cm":238,"minecraft:sprint_one_cm":63458,"minecraft:play_time":12662,"minecraft:deaths":2,"minecraft:damage_taken":135,"minecraft:walk_one_cm":30945,"minecraft:sneak_time":86,"minecraft:jump":159,"minecraft:damage_dealt":10,"minecraft:leave_game":9,"minecraft:walk_on_water_one_cm":166,"minecraft:time_since_death":5301,"minecraft:total_world_time":12662,"minecraft:fall_one_cm":5887,"minecraft:fly_one_cm":44435,"minecraft:player_kills":3},"minecraft:used":{"minecraft:mutton":2,"minecraft:bread":6},"minecraft:picked_up":{"jcraft:stand_disc":2,"minecraft:wheat_seeds":9,"jcraft:stand_arrow":3,"minecraft:bread":13,"minecraft:mutton":2,"minecraft:dirt":6,"minecraft:white_wool":1},"minecraft:mined":{"minecraft:grass":33,"minecraft:tall_grass":4}},"DataVersion":3465}