{"stats":{"minecraft:killed_by":{"minecraft:player":1},"minecraft:custom":{"minecraft:jump":1,"minecraft:time_since_rest":782,"minecraft:damage_taken":55,"minecraft:crouch_one_cm":83,"minecraft:leave_game":9,"minecraft:play_time":3224,"minecraft:sprint_one_cm":4199,"minecraft:time_since_death":753,"minecraft:walk_one_cm":5509,"minecraft:deaths":1,"minecraft:sneak_time":8,"minecraft:total_world_time":3224,"minecraft:fly_one_cm":1268},"minecraft:picked_up":{"jcraft:stand_disc":1,"jcraft:stand_arrow":2,"minecraft:bread":12}},"DataVersion":3465}