{"stats":{"minecraft:used":{"minecraft:rose_bush":8,"jcraft:knife":41,"minecraft:spruce_planks":8,"minecraft:rotten_flesh":17,"minecraft:dirt":20,"minecraft:anvil":3,"minecraft:sand":11,"minecraft:cod":18,"minecraft:cake":2,"minecraft:dark_oak_planks":3,"minecraft:red_tulip":1,"minecraft:grass_block":15,"minecraft:bread":12,"minecraft:string":3,"minecraft:iron_pickaxe":5,"minecraft:dark_oak_slab":3,"minecraft:cat_spawn_egg":4,"minecraft:coarse_dirt":2,"minecraft:golden_axe":1,"minecraft:experience_bottle":2},"minecraft:killed":{"minecraft:cat":1,"minecraft:husk":7,"minecraft:pig":3,"minecraft:zombie_villager":1,"minecraft:spider":10,"minecraft:iron_golem":10,"minecraft:zoglin":1,"minecraft:creeper":6,"minecraft:sheep":7,"minecraft:skeleton":24,"minecraft:zombie":29,"minecraft:drowned":1,"minecraft:illusioner":1,"minecraft:villager":1},"minecraft:killed_by":{"minecraft:husk":3,"minecraft:skeleton":5,"minecraft:spider":1,"minecraft:zombie":1,"minecraft:villager":1,"minecraft:zoglin":1},"minecraft:crafted":{"minecraft:iron_pickaxe":1},"minecraft:custom":{"minecraft:mob_kills":104,"minecraft:interact_with_anvil":2,"minecraft:interact_with_crafting_table":3,"minecraft:open_barrel":7,"minecraft:damage_dealt_resisted":62,"minecraft:eat_cake_slice":15,"minecraft:leave_game":5,"minecraft:time_since_death":24780,"minecraft:sleep_in_bed":8,"minecraft:climb_one_cm":1129,"minecraft:damage_resisted":440,"minecraft:time_since_rest":24809,"minecraft:sprint_one_cm":209363,"minecraft:damage_taken":5002,"minecraft:walk_one_cm":295611,"minecraft:drop":166,"minecraft:damage_dealt":100,"minecraft:swim_one_cm":21214,"minecraft:talked_to_villager":1,"minecraft:fly_one_cm":203920,"minecraft:open_chest":15,"minecraft:crouch_one_cm":6497,"minecraft:play_time":165436,"minecraft:deaths":14,"minecraft:sneak_time":4739,"minecraft:walk_under_water_one_cm":11789,"minecraft:jump":969,"minecraft:interact_with_blast_furnace":2,"minecraft:walk_on_water_one_cm":10402,"minecraft:total_world_time":165436,"minecraft:fall_one_cm":34864},"minecraft:picked_up":{"minecraft:fishing_rod":2,"minecraft:coarse_dirt":2,"minecraft:wheat":14,"minecraft:feather":3,"minecraft:oak_log":2,"minecraft:gunpowder":2,"minecraft:lantern":3,"minecraft:dirt":74,"minecraft:string":24,"minecraft:dark_oak_trapdoor":1,"minecraft:stone_stairs":7,"minecraft:spawner":6,"minecraft:experience_bottle":6,"minecraft:bone":61,"minecraft:cyan_carpet":4,"minecraft:apple":22,"minecraft:gray_carpet":25,"minecraft:wheat_seeds":7,"minecraft:spruce_planks":19,"minecraft:iron_ingot":407,"minecraft:rose_bush":40,"minecraft:poppy":14,"minecraft:iron_pickaxe":3,"minecraft:light_gray_wool":6,"minecraft:chest":5,"minecraft:dark_oak_stairs":6,"minecraft:book":4,"minecraft:stick":5,"minecraft:dark_oak_slab":3,"minecraft:stone":59,"jcraft:knife":21,"minecraft:polished_deepslate_stairs":2,"jcraft:anubis":147,"minecraft:gravel":2,"minecraft:porkchop":8,"minecraft:sand":89,"minecraft:blast_furnace":11,"minecraft:grass_block":26,"minecraft:leather_helmet":5,"minecraft:dark_oak_planks":46,"minecraft:coal_ore":1,"minecraft:arrow":51,"minecraft:rotten_flesh":83,"minecraft:slime_ball":8,"minecraft:diamond":5,"minecraft:gold_ingot":15,"minecraft:bread":35,"minecraft:mutton":37,"minecraft:cod":588,"minecraft:coal":43,"minecraft:white_wool":7,"minecraft:sunflower":16},"minecraft:dropped":{"minecraft:gravel":2,"minecraft:iron_ingot":118,"minecraft:bread":2,"minecraft:porkchop":2,"minecraft:wheat_seeds":2,"jcraft:anubis":147,"minecraft:wheat":7,"minecraft:coal":6,"minecraft:cod":41,"minecraft:dirt":1,"minecraft:stone":7,"minecraft:gunpowder":1,"minecraft:chest":1,"minecraft:sunflower":3,"minecraft:arrow":5,"minecraft:string":1,"minecraft:dark_oak_planks":2,"minecraft:fishing_rod":1,"minecraft:bone":8},"minecraft:mined":{"minecraft:dark_oak_planks":5,"minecraft:spruce_planks":2,"minecraft:blast_furnace":5,"minecraft:chest":1,"minecraft:rose_bush":5,"minecraft:grass":11,"minecraft:oak_log":2}},"DataVersion":3465}