{"stats":{"minecraft:used":{"minecraft:rose_bush":8,"jcraft:knife":41,"minecraft:diamond_hoe":6,"minecraft:mycelium":7,"minecraft:spruce_planks":8,"minecraft:rotten_flesh":21,"jcraft:coffin":3,"minecraft:dirt":30,"minecraft:mutton":10,"minecraft:anvil":4,"minecraft:carrot":2,"minecraft:cyan_wool":1,"jcraft:jotaro_jacket":1,"jcraft:stone_mask":2,"minecraft:dark_oak_planks":5,"minecraft:red_tulip":1,"jcraft:red_hat":1,"minecraft:grass_block":15,"minecraft:chicken_spawn_egg":291,"minecraft:dark_oak_slab":3,"minecraft:beef":2,"minecraft:gray_bed":3,"jcraft:blood_bottle":3,"minecraft:golden_axe":1,"minecraft:brown_bed":2,"minecraft:iron_ore":1,"minecraft:red_mushroom_block":93,"minecraft:white_wool":2,"jcraft:jotaro_pants":1,"minecraft:sand":11,"minecraft:mushroom_stew":1,"minecraft:red_mushroom":3,"minecraft:cod":29,"minecraft:cake":2,"jcraft:jotaro_boots":1,"minecraft:mushroom_stem":4,"minecraft:black_wool":1,"minecraft:chicken":6,"minecraft:bread":23,"minecraft:string":3,"minecraft:iron_pickaxe":5,"minecraft:cyan_carpet":4,"minecraft:red_terracotta":1,"minecraft:cat_spawn_egg":4,"minecraft:fishing_rod":15,"minecraft:porkchop":7,"minecraft:pumpkin_pie":2,"minecraft:coarse_dirt":3,"minecraft:bone_meal":8,"minecraft:experience_bottle":3},"minecraft:custom":{"minecraft:mob_kills":678,"minecraft:interact_with_anvil":2,"minecraft:interact_with_crafting_table":3,"minecraft:open_barrel":22,"minecraft:damage_dealt_resisted":62,"minecraft:eat_cake_slice":15,"minecraft:leave_game":10,"minecraft:time_since_death":25958,"minecraft:climb_one_cm":3654,"minecraft:damage_resisted":1372,"minecraft:sprint_one_cm":756287,"minecraft:walk_one_cm":884123,"minecraft:drop":175,"minecraft:talked_to_villager":1,"minecraft:play_time":391416,"minecraft:deaths":64,"minecraft:sneak_time":14070,"minecraft:walk_under_water_one_cm":33910,"minecraft:jump":3385,"minecraft:interact_with_blast_furnace":3,"minecraft:walk_on_water_one_cm":28361,"minecraft:total_world_time":391416,"minecraft:sleep_in_bed":21,"minecraft:time_since_rest":54,"minecraft:damage_taken":20526,"minecraft:damage_dealt":137,"minecraft:swim_one_cm":53968,"minecraft:fly_one_cm":723272,"minecraft:open_chest":25,"minecraft:crouch_one_cm":19596,"minecraft:fall_one_cm":128693},"minecraft:killed_by":{"minecraft:husk":6,"minecraft:creeper":3,"minecraft:spider":2,"minecraft:villager":1,"minecraft:iron_golem":35,"minecraft:zoglin":1,"minecraft:skeleton":9,"minecraft:zombie":3},"minecraft:dropped":{"minecraft:iron_ingot":118,"minecraft:bread":2,"minecraft:iron_sword":1,"minecraft:porkchop":2,"minecraft:wheat_seeds":2,"minecraft:grass_block":1,"minecraft:coal":6,"minecraft:cod":140,"minecraft:dirt":1,"minecraft:iron_leggings":1,"minecraft:sunflower":3,"minecraft:iron_pickaxe":1,"minecraft:dark_oak_planks":2,"minecraft:string":1,"minecraft:fishing_rod":1,"minecraft:bone":8,"minecraft:gravel":2,"minecraft:iron_nugget":19,"jcraft:anubis":147,"minecraft:bowl":1,"minecraft:wheat":7,"minecraft:stone":7,"minecraft:gunpowder":1,"minecraft:chest":1,"minecraft:arrow":5,"minecraft:vex_armor_trim_smithing_template":1},"minecraft:mined":{"minecraft:dark_oak_planks":5,"minecraft:spruce_planks":2,"jcraft:coffin":1,"minecraft:brown_bed":2,"minecraft:blast_furnace":5,"minecraft:chest":1,"minecraft:rose_bush":7,"minecraft:mushroom_stem":8,"minecraft:tall_grass":3,"minecraft:grass":53,"minecraft:oak_log":2,"minecraft:mycelium":2,"minecraft:cyan_carpet":1,"minecraft:dirt":2,"minecraft:red_mushroom_block":46},"minecraft:killed":{"minecraft:spider":17,"minecraft:zoglin":1,"minecraft:horse":3,"minecraft:skeleton":42,"minecraft:chicken":360,"minecraft:drowned":1,"minecraft:illusioner":1,"minecraft:cat":1,"minecraft:husk":26,"minecraft:pig":23,"minecraft:zombie_villager":1,"minecraft:iron_golem":54,"minecraft:frog":1,"minecraft:creeper":20,"minecraft:sheep":38,"minecraft:zombie":55,"minecraft:mooshroom":12,"minecraft:villager":1,"minecraft:enderman":3,"minecraft:cow":13},"minecraft:picked_up":{"minecraft:birch_door":5,"minecraft:fishing_rod":5,"minecraft:charcoal":6,"minecraft:coarse_dirt":14,"minecraft:wheat":42,"minecraft:chicken":332,"minecraft:leather_leggings":2,"minecraft:brown_bed":2,"minecraft:enchanted_book":51,"minecraft:music_disc_cat":16,"minecraft:string":61,"minecraft:dark_oak_trapdoor":13,"minecraft:stone_stairs":7,"minecraft:iron_leggings":5,"minecraft:experience_bottle":6,"minecraft:cyan_carpet":8,"minecraft:gold_nugget":376,"minecraft:spruce_planks":67,"minecraft:beef":210,"minecraft:rose_bush":106,"minecraft:poppy":178,"minecraft:iron_nugget":683,"minecraft:iron_pickaxe":6,"minecraft:light_gray_wool":9,"minecraft:chest":26,"minecraft:diamond_hoe":4,"minecraft:egg":6,"minecraft:stick":7,"minecraft:stone":153,"jcraft:knife":21,"minecraft:polished_deepslate_stairs":2,"minecraft:spruce_stairs":3,"minecraft:porkchop":85,"minecraft:mangrove_sign":1,"minecraft:carrot":24,"minecraft:iron_horse_armor":4,"minecraft:dark_oak_planks":104,"minecraft:waxed_cut_copper_stairs":6,"minecraft:rotten_flesh":394,"minecraft:arrow":117,"minecraft:pumpkin_pie":6,"minecraft:vex_armor_trim_smithing_template":9,"minecraft:red_tulip":117,"minecraft:stripped_dark_oak_wood":4,"minecraft:saddle":8,"minecraft:glistering_melon_slice":21,"minecraft:gold_ingot":83,"minecraft:mutton":161,"minecraft:cod":1466,"minecraft:white_wool":102,"minecraft:leather_chestplate":2,"jcraft:cinderella_mask":9,"minecraft:feather":322,"minecraft:leather":68,"minecraft:red_mushroom":112,"minecraft:mushroom_stew":7,"minecraft:oak_log":2,"minecraft:chainmail_chestplate":2,"minecraft:gunpowder":53,"minecraft:mangrove_slab":5,"minecraft:dirt":444,"minecraft:lantern":3,"minecraft:name_tag":16,"minecraft:spawner":6,"minecraft:leather_boots":2,"minecraft:bone":340,"minecraft:apple":115,"minecraft:gray_carpet":29,"minecraft:wheat_seeds":49,"minecraft:iron_ingot":2102,"minecraft:iron_ore":238,"minecraft:iron_sword":18,"minecraft:dark_oak_stairs":45,"minecraft:book":4,"minecraft:polished_andesite_stairs":2,"minecraft:dark_oak_slab":3,"jcraft:anubis":147,"minecraft:gravel":38,"minecraft:sand":196,"minecraft:blast_furnace":11,"minecraft:grass_block":107,"minecraft:lily_of_the_valley":4,"minecraft:barrel":6,"minecraft:red_terracotta":2,"minecraft:leather_helmet":5,"minecraft:coal_ore":1,"minecraft:slime_ball":16,"minecraft:diamond":17,"minecraft:iron_helmet":2,"minecraft:golden_apple":16,"minecraft:bread":68,"minecraft:black_wool":7,"minecraft:coal":85,"minecraft:sunflower":69},"minecraft:crafted":{"minecraft:iron_pickaxe":1}},"DataVersion":3465}