{"stats":{"minecraft:custom":{"minecraft:interact_with_anvil":2,"minecraft:mob_kills":621,"minecraft:interact_with_crafting_table":3,"minecraft:open_barrel":8,"minecraft:damage_dealt_resisted":62,"minecraft:eat_cake_slice":15,"minecraft:leave_game":9,"minecraft:time_since_death":9661,"minecraft:damage_resisted":1012,"minecraft:sleep_in_bed":9,"minecraft:climb_one_cm":1129,"minecraft:time_since_rest":9701,"minecraft:sprint_one_cm":552519,"minecraft:damage_taken":15690,"minecraft:walk_one_cm":667379,"minecraft:drop":170,"minecraft:damage_dealt":110,"minecraft:swim_one_cm":39157,"minecraft:fly_one_cm":567677,"minecraft:talked_to_villager":1,"minecraft:open_chest":18,"minecraft:crouch_one_cm":16660,"minecraft:play_time":310928,"minecraft:sneak_time":11652,"minecraft:deaths":49,"minecraft:walk_under_water_one_cm":22393,"minecraft:jump":2460,"minecraft:interact_with_blast_furnace":3,"minecraft:walk_on_water_one_cm":21570,"minecraft:total_world_time":310928,"minecraft:fall_one_cm":82734},"minecraft:picked_up":{"minecraft:charcoal":6,"minecraft:fishing_rod":5,"minecraft:coarse_dirt":14,"minecraft:wheat":42,"minecraft:feather":320,"minecraft:chicken":328,"minecraft:leather":36,"minecraft:mushroom_stew":1,"minecraft:oak_log":2,"minecraft:gunpowder":53,"minecraft:lantern":3,"minecraft:string":61,"minecraft:dirt":440,"minecraft:dark_oak_trapdoor":1,"minecraft:stone_stairs":7,"minecraft:spawner":6,"minecraft:bone":210,"minecraft:experience_bottle":6,"minecraft:cyan_carpet":5,"minecraft:apple":25,"minecraft:gray_carpet":25,"minecraft:wheat_seeds":49,"minecraft:iron_ore":6,"minecraft:spruce_planks":19,"minecraft:beef":69,"minecraft:iron_ingot":1915,"minecraft:rose_bush":106,"minecraft:poppy":109,"minecraft:iron_pickaxe":6,"minecraft:light_gray_wool":9,"minecraft:chest":26,"minecraft:dark_oak_stairs":6,"minecraft:egg":6,"minecraft:book":4,"minecraft:stick":7,"minecraft:dark_oak_slab":3,"minecraft:stone":153,"jcraft:knife":21,"minecraft:polished_deepslate_stairs":2,"jcraft:anubis":147,"minecraft:gravel":38,"minecraft:porkchop":85,"minecraft:sand":196,"minecraft:blast_furnace":11,"minecraft:grass_block":107,"minecraft:lily_of_the_valley":4,"minecraft:red_terracotta":1,"minecraft:leather_helmet":5,"minecraft:dark_oak_planks":60,"minecraft:waxed_cut_copper_stairs":1,"minecraft:arrow":107,"minecraft:coal_ore":1,"minecraft:rotten_flesh":149,"minecraft:slime_ball":16,"minecraft:diamond":5,"minecraft:pumpkin_pie":2,"minecraft:red_tulip":117,"minecraft:glistering_melon_slice":3,"minecraft:gold_ingot":21,"minecraft:bread":42,"minecraft:black_wool":7,"minecraft:mutton":161,"minecraft:coal":53,"minecraft:cod":1032,"minecraft:white_wool":102,"minecraft:birch_door":1,"minecraft:sunflower":69},"minecraft:crafted":{"minecraft:iron_pickaxe":1},"minecraft:killed":{"minecraft:cat":1,"minecraft:husk":7,"minecraft:pig":23,"minecraft:zombie_villager":1,"minecraft:spider":17,"minecraft:iron_golem":43,"minecraft:zoglin":1,"minecraft:creeper":19,"minecraft:horse":3,"minecraft:sheep":38,"minecraft:skeleton":36,"minecraft:zombie":53,"minecraft:chicken":359,"minecraft:illusioner":1,"minecraft:drowned":1,"minecraft:villager":1,"minecraft:cow":12,"minecraft:enderman":3},"minecraft:killed_by":{"minecraft:husk":3,"minecraft:skeleton":7,"minecraft:creeper":3,"minecraft:spider":2,"minecraft:zombie":2,"minecraft:villager":1,"minecraft:iron_golem":28,"minecraft:zoglin":1},"minecraft:dropped":{"minecraft:gravel":2,"minecraft:iron_ingot":118,"minecraft:bread":2,"minecraft:porkchop":2,"minecraft:wheat_seeds":2,"jcraft:anubis":147,"minecraft:wheat":7,"minecraft:grass_block":1,"minecraft:coal":6,"minecraft:cod":140,"minecraft:dirt":1,"minecraft:stone":7,"minecraft:gunpowder":1,"minecraft:chest":1,"minecraft:sunflower":3,"minecraft:arrow":5,"minecraft:iron_pickaxe":1,"minecraft:dark_oak_planks":2,"minecraft:string":1,"minecraft:fishing_rod":1,"minecraft:bone":8},"minecraft:mined":{"minecraft:dark_oak_planks":5,"minecraft:spruce_planks":2,"minecraft:blast_furnace":5,"minecraft:chest":1,"minecraft:rose_bush":7,"minecraft:tall_grass":3,"minecraft:grass":50,"minecraft:oak_log":2,"minecraft:cyan_carpet":1},"minecraft:used":{"minecraft:rose_bush":8,"jcraft:knife":41,"minecraft:spruce_planks":8,"minecraft:rotten_flesh":21,"minecraft:white_wool":2,"minecraft:mutton":10,"minecraft:anvil":4,"minecraft:sand":11,"minecraft:dirt":28,"minecraft:cod":28,"minecraft:cyan_wool":1,"minecraft:cake":2,"minecraft:dark_oak_planks":5,"minecraft:black_wool":1,"minecraft:red_tulip":1,"minecraft:chicken":6,"minecraft:cyan_carpet":1,"minecraft:grass_block":15,"minecraft:bread":15,"minecraft:string":3,"minecraft:iron_pickaxe":5,"minecraft:chicken_spawn_egg":291,"minecraft:dark_oak_slab":3,"minecraft:cat_spawn_egg":4,"minecraft:fishing_rod":15,"minecraft:beef":2,"minecraft:porkchop":7,"minecraft:coarse_dirt":3,"minecraft:experience_bottle":3,"minecraft:golden_axe":1}},"DataVersion":3465}