{"stats":{"minecraft:killed":{"minecraft:spider":21,"minecraft:skeleton":36,"minecraft:chicken":5,"minecraft:illusioner":2,"jcraft:aya_tsuji":1,"minecraft:cat":25,"minecraft:husk":15,"minecraft:pig":17,"minecraft:zombie_villager":2,"minecraft:iron_golem":19,"minecraft:creeper":8,"minecraft:sheep":16,"minecraft:donkey":2,"minecraft:zombie":38,"minecraft:stray":1,"minecraft:cow":12},"minecraft:picked_up":{"minecraft:crafting_table":3,"minecraft:azure_bluet":1,"minecraft:chicken":7,"minecraft:ladder":1,"minecraft:anvil":1,"minecraft:lead":4,"minecraft:wooden_pickaxe":7,"minecraft:oak_stairs":15,"minecraft:potion":2,"minecraft:string":76,"minecraft:acacia_door":4,"minecraft:compass":4,"minecraft:cyan_carpet":1,"minecraft:smooth_stone":8,"minecraft:beef":168,"minecraft:poppy":49,"minecraft:light_gray_wool":2,"minecraft:sugar_cane":16,"minecraft:egg":6,"minecraft:raw_iron":35,"minecraft:stick":18,"minecraft:stone":10,"minecraft:torch":9,"minecraft:acacia_log":21,"minecraft:porkchop":142,"minecraft:cake":13,"minecraft:stone_button":2,"minecraft:black_dye":1,"jcraft:stand_disc":4,"minecraft:arrow":121,"minecraft:rotten_flesh":162,"minecraft:pumpkin_pie":9,"minecraft:hay_block":22,"minecraft:white_terracotta":11,"minecraft:mutton":60,"minecraft:cod":192,"minecraft:cobblestone":28,"minecraft:white_wool":55,"minecraft:pink_petals":5,"minecraft:feather":30,"minecraft:tripwire_hook":1,"minecraft:leather":35,"jcraft:cinderella_green_block":4,"minecraft:gunpowder":24,"minecraft:dirt":358,"minecraft:lantern":4,"minecraft:bone":161,"minecraft:acacia_planks":188,"minecraft:apple":18,"minecraft:wheat_seeds":63,"minecraft:stone_pickaxe":5,"minecraft:iron_ingot":213,"minecraft:acacia_sapling":4,"minecraft:oak_planks":10,"minecraft:dandelion":1,"minecraft:grass_block":111,"minecraft:stone_axe":5,"minecraft:gray_wool":5,"minecraft:bread":249,"minecraft:black_wool":7,"minecraft:coal":9},"minecraft:mined":{"minecraft:ladder":1,"minecraft:chiseled_bookshelf":1,"minecraft:acacia_log":21,"minecraft:grass_block":4,"minecraft:spawner":5,"minecraft:hay_block":22,"minecraft:smooth_stone":8,"minecraft:iron_ore":5,"minecraft:anvil":1,"minecraft:lantern":2,"minecraft:stone":11,"minecraft:white_wool":11,"minecraft:cake":1,"minecraft:acacia_leaves":2,"jcraft:cinderella_green_block":4,"minecraft:crafting_table":1,"minecraft:poppy":1,"minecraft:tall_grass":20,"minecraft:cobblestone":7,"minecraft:sugar_cane":6,"minecraft:oak_planks":2,"minecraft:white_terracotta":9,"minecraft:grass":124,"minecraft:coal_ore":3,"minecraft:cyan_carpet":1,"minecraft:acacia_door":2,"minecraft:dirt":7,"minecraft:acacia_planks":28,"minecraft:tripwire_hook":1},"minecraft:crafted":{"minecraft:stone_pickaxe":1,"minecraft:chest":1,"minecraft:wheat":126,"minecraft:crafting_table":2,"minecraft:wooden_pickaxe":1,"minecraft:stone_axe":1,"minecraft:bread":42,"minecraft:stick":12,"minecraft:acacia_door":3,"minecraft:acacia_planks":84},"minecraft:killed_by":{"minecraft:creeper":1,"minecraft:spider":1,"minecraft:iron_golem":2,"minecraft:skeleton":2,"minecraft:zombie":1},"minecraft:used":{"minecraft:cracked_deepslate_bricks":1,"minecraft:ladder":1,"minecraft:spruce_planks":301,"minecraft:chest":3,"minecraft:white_terracotta":7,"minecraft:stone":29,"jcraft:soul_block":1,"minecraft:structure_block":2,"minecraft:rotten_flesh":2,"minecraft:dirt":63,"minecraft:anvil":4,"minecraft:spruce_stairs":5,"minecraft:stripped_spruce_log":112,"minecraft:glass":204,"minecraft:lantern":214,"minecraft:grass_block":3,"minecraft:oak_stairs":3,"minecraft:dark_oak_slab":6,"minecraft:light_gray_wool":2,"jcraft:cinderella_green_block":4,"minecraft:wolf_spawn_egg":1,"minecraft:gray_bed":3,"minecraft:stone_pressure_plate":4,"minecraft:acacia_planks":48,"minecraft:dark_oak_stairs":11,"minecraft:water_bucket":1,"minecraft:stone_pickaxe":50,"minecraft:oak_planks":8,"minecraft:wooden_pickaxe":16,"travelersbackpack:dragon":1,"minecraft:white_wool":20,"jcraft:meteorite_block":1,"minecraft:stripped_dark_oak_log":283,"minecraft:tnt":2,"minecraft:crafting_table":4,"minecraft:cod":1,"minecraft:stone_brick_wall":3,"minecraft:cake":3,"minecraft:lever":1,"minecraft:black_wool":2,"jcraft:polished_meteorite_block":1,"minecraft:acacia_door":3,"minecraft:bread":38,"minecraft:stone_button":3,"minecraft:iron_door":2,"minecraft:cat_spawn_egg":16,"minecraft:stone_axe":67,"minecraft:cobblestone":7,"minecraft:glass_pane":180,"minecraft:gray_wool":1},"minecraft:custom":{"minecraft:mob_kills":222,"minecraft:interact_with_anvil":3,"minecraft:animals_bred":3,"minecraft:interact_with_crafting_table":9,"minecraft:open_barrel":12,"minecraft:damage_dealt_resisted":938,"minecraft:eat_cake_slice":9,"minecraft:leave_game":7,"minecraft:time_since_death":66004,"minecraft:climb_one_cm":19088,"minecraft:damage_resisted":477,"minecraft:sprint_one_cm":446978,"minecraft:walk_one_cm":716777,"minecraft:drop":15,"minecraft:talked_to_villager":3,"minecraft:play_time":308777,"minecraft:deaths":12,"minecraft:sneak_time":12883,"minecraft:walk_under_water_one_cm":11633,"minecraft:jump":2446,"minecraft:walk_on_water_one_cm":7009,"minecraft:total_world_time":308777,"minecraft:tune_noteblock":6,"minecraft:time_since_rest":66045,"minecraft:damage_taken":9086,"minecraft:damage_dealt":663,"minecraft:swim_one_cm":8452,"minecraft:fly_one_cm":2120278,"minecraft:open_chest":17,"minecraft:crouch_one_cm":14282,"minecraft:fall_one_cm":101831},"minecraft:dropped":{"minecraft:wheat_seeds":13,"minecraft:cod":64,"minecraft:dirt":1,"minecraft:string":9,"minecraft:cyan_carpet":1,"minecraft:chicken":1,"minecraft:rotten_flesh":2,"minecraft:azure_bluet":1,"minecraft:gunpowder":2,"minecraft:acacia_sapling":1,"minecraft:wooden_pickaxe":1,"minecraft:egg":1}},"DataVersion":3465}