{"stats":{"minecraft:killed":{"minecraft:cat":1,"minecraft:sheep":6,"minecraft:skeleton":13,"minecraft:husk":2,"minecraft:zombie":5,"minecraft:pig":1,"minecraft:iron_golem":1,"minecraft:spider":4,"minecraft:villager":1,"minecraft:creeper":1},"minecraft:picked_up":{"minecraft:book":4,"minecraft:stick":5,"minecraft:stone":24,"minecraft:feather":3,"minecraft:porkchop":1,"minecraft:sand":89,"minecraft:oak_log":2,"minecraft:spawner":1,"minecraft:blast_furnace":2,"minecraft:grass_block":3,"minecraft:cyan_carpet":4,"minecraft:coal_ore":1,"minecraft:stone_stairs":7,"minecraft:dirt":6,"minecraft:string":18,"minecraft:leather_helmet":4,"minecraft:lantern":2,"minecraft:dark_oak_planks":25,"minecraft:gray_carpet":24,"minecraft:arrow":16,"minecraft:experience_bottle":6,"minecraft:bone":16,"minecraft:slime_ball":6,"minecraft:rotten_flesh":28,"minecraft:diamond":4,"minecraft:wheat_seeds":1,"minecraft:spruce_planks":8,"minecraft:iron_ingot":12,"minecraft:gold_ingot":4,"minecraft:rose_bush":9,"minecraft:poppy":3,"minecraft:bread":9,"minecraft:iron_pickaxe":2,"minecraft:light_gray_wool":6,"minecraft:chest":3,"minecraft:mutton":35,"minecraft:cod":126,"minecraft:coal":20,"minecraft:dark_oak_stairs":1,"minecraft:white_wool":6,"minecraft:sunflower":4},"minecraft:mined":{"minecraft:dark_oak_planks":5,"minecraft:blast_furnace":2,"minecraft:grass":4,"minecraft:oak_log":2,"minecraft:chest":1},"minecraft:crafted":{"minecraft:iron_pickaxe":1},"minecraft:killed_by":{"minecraft:husk":2,"minecraft:skeleton":2,"minecraft:villager":1},"minecraft:used":{"minecraft:dark_oak_planks":3,"minecraft:bread":7,"minecraft:iron_pickaxe":2,"minecraft:rotten_flesh":3,"minecraft:cat_spawn_egg":4,"minecraft:sand":11,"minecraft:anvil":3,"minecraft:cake":1,"minecraft:golden_axe":1},"minecraft:custom":{"minecraft:time_since_rest":6654,"minecraft:damage_taken":1952,"minecraft:sprint_one_cm":96366,"minecraft:walk_one_cm":111343,"minecraft:mob_kills":36,"minecraft:interact_with_anvil":2,"minecraft:damage_dealt":100,"minecraft:open_barrel":4,"minecraft:talked_to_villager":1,"minecraft:interact_with_crafting_table":2,"minecraft:swim_one_cm":8127,"minecraft:fly_one_cm":87538,"minecraft:open_chest":12,"minecraft:play_time":39423,"minecraft:crouch_one_cm":1804,"minecraft:sneak_time":1160,"minecraft:deaths":6,"minecraft:walk_under_water_one_cm":7108,"minecraft:damage_dealt_resisted":62,"minecraft:jump":403,"minecraft:eat_cake_slice":7,"minecraft:leave_game":2,"minecraft:time_since_death":6627,"minecraft:walk_on_water_one_cm":3258,"minecraft:sleep_in_bed":8,"minecraft:total_world_time":39423,"minecraft:fall_one_cm":14992}},"DataVersion":3465}