{"stats":{"minecraft:used":{"minecraft:bread":3,"minecraft:rotten_flesh":2,"minecraft:light_gray_wool":2,"minecraft:white_wool":6,"minecraft:anvil":1,"minecraft:crafting_table":1},"minecraft:picked_up":{"minecraft:feather":12,"minecraft:chicken":6,"minecraft:acacia_log":1,"minecraft:porkchop":14,"minecraft:dirt":5,"minecraft:bone":2,"minecraft:arrow":3,"minecraft:rotten_flesh":11,"minecraft:wheat_seeds":8,"minecraft:hay_block":15,"minecraft:iron_ingot":10,"minecraft:gray_wool":1,"minecraft:bread":39,"minecraft:poppy":1,"minecraft:light_gray_wool":2,"minecraft:mutton":18,"minecraft:white_wool":13,"minecraft:egg":2},"minecraft:killed_by":{"minecraft:zombie":1},"minecraft:custom":{"minecraft:time_since_rest":12228,"minecraft:sprint_one_cm":45661,"minecraft:damage_taken":409,"minecraft:walk_one_cm":45858,"minecraft:interact_with_anvil":1,"minecraft:mob_kills":19,"minecraft:interact_with_crafting_table":2,"minecraft:fly_one_cm":87193,"minecraft:open_chest":2,"minecraft:crouch_one_cm":756,"minecraft:play_time":23329,"minecraft:deaths":1,"minecraft:sneak_time":324,"minecraft:jump":337,"minecraft:time_since_death":12161,"minecraft:total_world_time":23329,"minecraft:damage_resisted":213,"minecraft:fall_one_cm":12255},"minecraft:mined":{"minecraft:hay_block":15,"minecraft:grass":31,"minecraft:grass_block":3,"minecraft:acacia_log":1,"minecraft:dirt":2,"minecraft:tall_grass":1,"minecraft:white_wool":3},"minecraft:killed":{"minecraft:sheep":7,"minecraft:skeleton":1,"minecraft:zombie":4,"minecraft:pig":3,"minecraft:chicken":4},"minecraft:crafted":{"minecraft:crafting_table":1,"minecraft:acacia_planks":4,"minecraft:bread":42,"minecraft:wheat":126}},"DataVersion":3465}