{"stats":{"minecraft:picked_up":{"minecraft:arrow":1,"minecraft:feather":6,"minecraft:chicken":3,"minecraft:rotten_flesh":4,"minecraft:wheat_seeds":4,"minecraft:acacia_log":1,"minecraft:iron_ingot":5,"minecraft:hay_block":15,"minecraft:porkchop":7,"minecraft:light_gray_wool":2,"minecraft:mutton":8,"minecraft:white_wool":9,"minecraft:egg":1},"minecraft:used":{"minecraft:white_wool":6,"minecraft:crafting_table":1,"minecraft:bread":3,"minecraft:light_gray_wool":2},"minecraft:killed_by":{"minecraft:zombie":1},"minecraft:custom":{"minecraft:time_since_rest":228,"minecraft:crouch_one_cm":738,"minecraft:play_time":11329,"minecraft:sprint_one_cm":20076,"minecraft:damage_taken":329,"minecraft:walk_one_cm":33656,"minecraft:sneak_time":245,"minecraft:mob_kills":16,"minecraft:jump":131,"minecraft:time_since_death":161,"minecraft:total_world_time":11329,"minecraft:damage_resisted":213,"minecraft:deaths":1,"minecraft:interact_with_crafting_table":2,"minecraft:fall_one_cm":4493,"minecraft:fly_one_cm":34081},"minecraft:mined":{"minecraft:acacia_log":1,"minecraft:hay_block":15,"minecraft:grass":29,"minecraft:tall_grass":1,"minecraft:white_wool":3},"minecraft:killed":{"minecraft:sheep":5,"minecraft:skeleton":1,"minecraft:zombie":3,"minecraft:pig":3,"minecraft:chicken":4},"minecraft:crafted":{"minecraft:acacia_planks":4,"minecraft:crafting_table":1,"minecraft:bread":42,"minecraft:wheat":126}},"DataVersion":3465}