{"stats":{"minecraft:killed_by":{"minecraft:skeleton":1,"minecraft:spider":1,"minecraft:zombie":1},"minecraft:killed":{"minecraft:sheep":4,"minecraft:cat":27,"minecraft:skeleton":5,"minecraft:zombie":7,"minecraft:pig":7,"minecraft:spider":2,"jcraft:aya_tsuji":1,"minecraft:creeper":2},"minecraft:custom":{"minecraft:time_since_rest":9011,"minecraft:sprint_one_cm":137390,"minecraft:damage_taken":1561,"minecraft:walk_one_cm":59721,"minecraft:interact_with_anvil":18,"minecraft:mob_kills":56,"minecraft:drop":1,"minecraft:damage_dealt":208,"minecraft:swim_one_cm":3038,"minecraft:fly_one_cm":213263,"minecraft:crouch_one_cm":3682,"minecraft:play_time":47229,"minecraft:deaths":4,"minecraft:sneak_time":2216,"minecraft:walk_under_water_one_cm":4564,"minecraft:damage_dealt_resisted":24,"minecraft:jump":975,"minecraft:leave_game":11,"minecraft:walk_on_water_one_cm":1318,"minecraft:time_since_death":8870,"minecraft:total_world_time":47229,"minecraft:damage_resisted":24,"minecraft:fall_one_cm":34897},"minecraft:used":{"minecraft:grass_block":4,"minecraft:cat_spawn_egg":28,"minecraft:rotten_flesh":1,"minecraft:pink_petals":1,"minecraft:mutton":1,"minecraft:dirt":11,"minecraft:anvil":1,"minecraft:cod":48},"minecraft:picked_up":{"minecraft:pink_petals":51,"minecraft:anvil":5,"minecraft:porkchop":16,"minecraft:string":26,"minecraft:dirt":11,"minecraft:bone":3,"minecraft:arrow":7,"minecraft:rotten_flesh":3,"minecraft:wheat_seeds":1,"jcraft:stand_arrow":4,"minecraft:mutton":4,"minecraft:cod":554,"minecraft:white_wool":4,"minecraft:cobblestone":12},"minecraft:dropped":{"minecraft:cat_spawn_egg":1},"minecraft:mined":{"minecraft:pink_petals":6,"minecraft:grass":5,"minecraft:tall_grass":1}},"DataVersion":3465}