{"stats":{"minecraft:used":{"minecraft:bread":6,"minecraft:cat_spawn_egg":16,"minecraft:rotten_flesh":2,"minecraft:light_gray_wool":2,"minecraft:white_wool":6,"minecraft:anvil":1,"minecraft:crafting_table":1},"minecraft:picked_up":{"minecraft:feather":12,"minecraft:chicken":6,"minecraft:leather":6,"minecraft:acacia_log":1,"minecraft:porkchop":30,"minecraft:string":21,"minecraft:dirt":5,"minecraft:bone":2,"minecraft:arrow":3,"minecraft:rotten_flesh":11,"minecraft:wheat_seeds":12,"minecraft:hay_block":15,"minecraft:beef":16,"minecraft:iron_ingot":10,"minecraft:gray_wool":1,"minecraft:bread":39,"minecraft:poppy":1,"minecraft:light_gray_wool":2,"minecraft:cod":1,"minecraft:black_wool":1,"minecraft:mutton":22,"minecraft:white_wool":15,"minecraft:egg":2},"minecraft:killed_by":{"minecraft:zombie":1},"minecraft:custom":{"minecraft:time_since_rest":24228,"minecraft:sprint_one_cm":68964,"minecraft:damage_taken":409,"minecraft:walk_one_cm":74034,"minecraft:interact_with_anvil":1,"minecraft:mob_kills":57,"minecraft:drop":1,"minecraft:interact_with_crafting_table":2,"minecraft:fly_one_cm":170475,"minecraft:open_chest":2,"minecraft:crouch_one_cm":1163,"minecraft:play_time":35329,"minecraft:deaths":1,"minecraft:sneak_time":538,"minecraft:jump":481,"minecraft:time_since_death":24161,"minecraft:total_world_time":35329,"minecraft:damage_resisted":213,"minecraft:fall_one_cm":15181},"minecraft:dropped":{"minecraft:cod":1},"minecraft:mined":{"minecraft:hay_block":15,"minecraft:grass":65,"minecraft:grass_block":3,"minecraft:acacia_log":1,"minecraft:poppy":1,"minecraft:dirt":2,"minecraft:tall_grass":12,"minecraft:white_wool":3},"minecraft:killed":{"minecraft:sheep":10,"minecraft:cat":20,"minecraft:skeleton":1,"minecraft:zombie":4,"minecraft:pig":10,"minecraft:chicken":4,"minecraft:cow":8},"minecraft:crafted":{"minecraft:crafting_table":1,"minecraft:acacia_planks":4,"minecraft:bread":42,"minecraft:wheat":126}},"DataVersion":3465}