{"stats":{"minecraft:killed":{"minecraft:sheep":3,"minecraft:cat":1,"minecraft:skeleton":2,"minecraft:husk":1,"minecraft:zombie":3,"minecraft:pig":1,"minecraft:spider":3},"minecraft:picked_up":{"minecraft:book":1,"minecraft:porkchop":1,"minecraft:sand":22,"minecraft:oak_log":2,"minecraft:string":6,"minecraft:leather_helmet":1,"minecraft:arrow":2,"minecraft:bone":2,"minecraft:rotten_flesh":3,"minecraft:diamond":1,"minecraft:bread":6,"minecraft:mutton":8,"minecraft:coal":8,"minecraft:white_wool":3},"minecraft:mined":{"minecraft:grass":3,"minecraft:oak_log":2},"minecraft:killed_by":{"minecraft:husk":1},"minecraft:used":{"minecraft:bread":2,"minecraft:cat_spawn_egg":4,"minecraft:sand":11,"minecraft:anvil":3,"minecraft:golden_axe":1},"minecraft:custom":{"minecraft:time_since_rest":2528,"minecraft:sprint_one_cm":24308,"minecraft:damage_taken":524,"minecraft:walk_one_cm":42954,"minecraft:mob_kills":14,"minecraft:interact_with_anvil":2,"minecraft:damage_dealt":100,"minecraft:swim_one_cm":3263,"minecraft:fly_one_cm":41125,"minecraft:open_chest":9,"minecraft:crouch_one_cm":456,"minecraft:play_time":17566,"minecraft:deaths":1,"minecraft:sneak_time":576,"minecraft:walk_under_water_one_cm":5246,"minecraft:jump":152,"minecraft:time_since_death":2484,"minecraft:walk_on_water_one_cm":2443,"minecraft:total_world_time":17566,"minecraft:fall_one_cm":3289}},"DataVersion":3465}