{"stats":{"minecraft:crafted":{"minecraft:oak_planks":12,"minecraft:crafting_table":1,"minecraft:bread":27,"minecraft:wheat":81},"minecraft:killed_by":{"minecraft:skeleton":1,"minecraft:spider":1,"minecraft:zombie":1},"minecraft:killed":{"minecraft:horse":1,"minecraft:sheep":4,"minecraft:cat":27,"minecraft:skeleton":6,"minecraft:zombie":9,"minecraft:pig":10,"minecraft:spider":3,"jcraft:aya_tsuji":1,"minecraft:player":1,"minecraft:creeper":2,"minecraft:cow":2},"minecraft:custom":{"minecraft:time_since_rest":21011,"minecraft:sprint_one_cm":161167,"minecraft:damage_taken":1839,"minecraft:walk_one_cm":98311,"minecraft:interact_with_anvil":18,"minecraft:mob_kills":66,"minecraft:drop":17,"minecraft:damage_dealt":208,"minecraft:player_kills":1,"minecraft:swim_one_cm":3779,"minecraft:interact_with_crafting_table":1,"minecraft:fly_one_cm":247467,"minecraft:crouch_one_cm":10445,"minecraft:play_time":59229,"minecraft:deaths":4,"minecraft:sneak_time":4611,"minecraft:walk_under_water_one_cm":4657,"minecraft:damage_dealt_resisted":24,"minecraft:jump":1148,"minecraft:leave_game":11,"minecraft:walk_on_water_one_cm":1609,"minecraft:time_since_death":20870,"minecraft:total_world_time":59229,"minecraft:damage_resisted":72,"minecraft:fall_one_cm":38785},"minecraft:used":{"minecraft:oak_fence":1,"minecraft:grass_block":4,"minecraft:bread":5,"minecraft:cat_spawn_egg":28,"minecraft:rotten_flesh":1,"minecraft:pink_petals":1,"minecraft:mutton":1,"minecraft:dirt":27,"minecraft:anvil":1,"minecraft:crafting_table":1,"minecraft:cod":52},"minecraft:picked_up":{"minecraft:pink_petals":51,"minecraft:anvil":5,"minecraft:oak_fence":1,"minecraft:leather":1,"minecraft:porkchop":22,"minecraft:oak_log":3,"minecraft:string":26,"minecraft:dirt":80,"minecraft:bone":4,"minecraft:arrow":7,"minecraft:rotten_flesh":6,"minecraft:wheat_seeds":2,"minecraft:hay_block":38,"minecraft:beef":4,"minecraft:granite":1,"jcraft:stand_arrow":4,"minecraft:bread":9,"minecraft:mutton":4,"minecraft:cod":554,"minecraft:white_wool":4,"minecraft:cobblestone":47},"minecraft:dropped":{"jcraft:stand_arrow":1,"minecraft:cat_spawn_egg":1,"minecraft:bread":15},"minecraft:mined":{"minecraft:pink_petals":6,"minecraft:grass":14,"minecraft:tall_grass":1}},"DataVersion":3465}