{"stats":{"minecraft:killed_by":{"minecraft:husk":3,"minecraft:skeleton":6,"minecraft:creeper":1,"minecraft:spider":2,"minecraft:zombie":2,"minecraft:villager":1,"minecraft:iron_golem":19,"minecraft:zoglin":1},"minecraft:dropped":{"minecraft:gravel":2,"minecraft:iron_ingot":118,"minecraft:bread":2,"minecraft:porkchop":2,"minecraft:wheat_seeds":2,"jcraft:anubis":147,"minecraft:wheat":7,"minecraft:coal":6,"minecraft:cod":41,"minecraft:dirt":1,"minecraft:stone":7,"minecraft:gunpowder":1,"minecraft:chest":1,"minecraft:sunflower":3,"minecraft:arrow":5,"minecraft:dark_oak_planks":2,"minecraft:string":1,"minecraft:fishing_rod":1,"minecraft:bone":8},"minecraft:used":{"minecraft:rose_bush":8,"jcraft:knife":41,"minecraft:spruce_planks":8,"minecraft:rotten_flesh":17,"minecraft:anvil":3,"minecraft:sand":11,"minecraft:dirt":25,"minecraft:cod":24,"minecraft:cake":2,"minecraft:dark_oak_planks":5,"minecraft:red_tulip":1,"minecraft:grass_block":15,"minecraft:bread":14,"minecraft:string":3,"minecraft:iron_pickaxe":5,"minecraft:dark_oak_slab":3,"minecraft:cat_spawn_egg":4,"minecraft:fishing_rod":15,"minecraft:coarse_dirt":2,"minecraft:experience_bottle":2,"minecraft:golden_axe":1},"minecraft:crafted":{"minecraft:iron_pickaxe":1},"minecraft:picked_up":{"minecraft:fishing_rod":5,"minecraft:coarse_dirt":8,"minecraft:wheat":42,"minecraft:feather":3,"minecraft:oak_log":2,"minecraft:gunpowder":44,"minecraft:lantern":3,"minecraft:string":51,"minecraft:dirt":383,"minecraft:dark_oak_trapdoor":1,"minecraft:stone_stairs":7,"minecraft:spawner":6,"minecraft:experience_bottle":6,"minecraft:bone":189,"minecraft:cyan_carpet":4,"minecraft:apple":22,"minecraft:gray_carpet":25,"minecraft:wheat_seeds":33,"minecraft:spruce_planks":19,"minecraft:iron_ingot":1796,"minecraft:rose_bush":96,"minecraft:poppy":97,"minecraft:iron_pickaxe":3,"minecraft:light_gray_wool":6,"minecraft:chest":25,"minecraft:dark_oak_stairs":6,"minecraft:book":4,"minecraft:stick":5,"minecraft:dark_oak_slab":3,"minecraft:stone":150,"jcraft:knife":21,"minecraft:polished_deepslate_stairs":2,"jcraft:anubis":147,"minecraft:gravel":38,"minecraft:porkchop":40,"minecraft:sand":194,"minecraft:blast_furnace":11,"minecraft:grass_block":74,"minecraft:lily_of_the_valley":3,"minecraft:leather_helmet":5,"minecraft:dark_oak_planks":60,"minecraft:arrow":85,"minecraft:coal_ore":1,"minecraft:rotten_flesh":133,"minecraft:slime_ball":8,"minecraft:diamond":5,"minecraft:red_tulip":117,"minecraft:gold_ingot":15,"minecraft:bread":35,"minecraft:mutton":37,"minecraft:coal":49,"minecraft:cod":735,"minecraft:white_wool":7,"minecraft:sunflower":65},"minecraft:mined":{"minecraft:dark_oak_planks":5,"minecraft:spruce_planks":2,"minecraft:blast_furnace":5,"minecraft:chest":1,"minecraft:rose_bush":6,"minecraft:grass":13,"minecraft:oak_log":2},"minecraft:custom":{"minecraft:interact_with_anvil":2,"minecraft:mob_kills":143,"minecraft:interact_with_crafting_table":3,"minecraft:open_barrel":7,"minecraft:damage_dealt_resisted":62,"minecraft:eat_cake_slice":15,"minecraft:leave_game":7,"minecraft:time_since_death":991,"minecraft:damage_resisted":860,"minecraft:sleep_in_bed":8,"minecraft:climb_one_cm":1129,"minecraft:time_since_rest":1045,"minecraft:sprint_one_cm":330800,"minecraft:damage_taken":11387,"minecraft:walk_one_cm":428155,"minecraft:drop":166,"minecraft:damage_dealt":110,"minecraft:swim_one_cm":23099,"minecraft:fly_one_cm":321469,"minecraft:talked_to_villager":1,"minecraft:open_chest":15,"minecraft:crouch_one_cm":8447,"minecraft:play_time":218815,"minecraft:sneak_time":6693,"minecraft:deaths":37,"minecraft:walk_under_water_one_cm":13879,"minecraft:jump":1523,"minecraft:interact_with_blast_furnace":2,"minecraft:walk_on_water_one_cm":13018,"minecraft:total_world_time":218815,"minecraft:fall_one_cm":54978},"minecraft:killed":{"minecraft:cat":1,"minecraft:husk":7,"minecraft:pig":3,"minecraft:zombie_villager":1,"minecraft:spider":12,"minecraft:iron_golem":27,"minecraft:zoglin":1,"minecraft:creeper":9,"minecraft:sheep":7,"minecraft:skeleton":25,"minecraft:zombie":43,"minecraft:illusioner":1,"minecraft:drowned":1,"minecraft:villager":1,"minecraft:enderman":2}},"DataVersion":3465}