{"stats":{"minecraft:killed":{"minecraft:cat":27,"minecraft:skeleton":2,"minecraft:spider":1,"minecraft:zombie":6,"minecraft:pig":5,"minecraft:creeper":2},"minecraft:custom":{"minecraft:time_since_rest":1457,"minecraft:crouch_one_cm":3682,"minecraft:play_time":30245,"minecraft:sprint_one_cm":56100,"minecraft:damage_taken":705,"minecraft:walk_one_cm":35648,"minecraft:deaths":1,"minecraft:sneak_time":2216,"minecraft:walk_under_water_one_cm":2281,"minecraft:mob_kills":44,"minecraft:interact_with_anvil":18,"minecraft:drop":1,"minecraft:jump":542,"minecraft:damage_dealt":208,"minecraft:leave_game":10,"minecraft:time_since_death":1425,"minecraft:walk_on_water_one_cm":570,"minecraft:total_world_time":30245,"minecraft:swim_one_cm":1933,"minecraft:fly_one_cm":150111,"minecraft:fall_one_cm":18015},"minecraft:used":{"minecraft:anvil":1,"minecraft:grass_block":4,"minecraft:cod":32,"minecraft:dirt":11,"minecraft:cat_spawn_egg":28,"minecraft:pink_petals":1},"minecraft:picked_up":{"minecraft:pink_petals":30,"minecraft:arrow":3,"minecraft:anvil":2,"minecraft:rotten_flesh":2,"minecraft:porkchop":12,"jcraft:stand_arrow":1,"minecraft:cod":188,"minecraft:dirt":11,"minecraft:string":26,"minecraft:cobblestone":12},"minecraft:dropped":{"minecraft:cat_spawn_egg":1},"minecraft:mined":{"minecraft:pink_petals":2,"minecraft:grass":1}},"DataVersion":3465}