{"stats":{"minecraft:crafted":{"minecraft:crafting_table":2,"minecraft:wooden_pickaxe":1,"minecraft:stone_axe":1,"minecraft:bread":42,"minecraft:stick":12,"minecraft:stone_pickaxe":1,"minecraft:acacia_planks":84,"minecraft:wheat":126},"minecraft:picked_up":{"minecraft:crafting_table":2,"minecraft:feather":24,"minecraft:chicken":6,"minecraft:leather":18,"minecraft:lead":1,"minecraft:wooden_pickaxe":1,"minecraft:gunpowder":15,"minecraft:dirt":39,"minecraft:string":50,"minecraft:lantern":1,"minecraft:compass":2,"minecraft:bone":15,"minecraft:acacia_planks":67,"minecraft:wheat_seeds":30,"minecraft:beef":48,"minecraft:iron_ingot":20,"minecraft:stone_pickaxe":1,"minecraft:poppy":3,"minecraft:light_gray_wool":2,"minecraft:oak_planks":1,"minecraft:acacia_sapling":2,"minecraft:egg":4,"minecraft:raw_iron":10,"minecraft:stick":10,"minecraft:acacia_log":21,"minecraft:porkchop":76,"minecraft:arrow":23,"minecraft:rotten_flesh":38,"minecraft:stone_axe":1,"minecraft:hay_block":15,"minecraft:gray_wool":3,"minecraft:bread":106,"minecraft:black_wool":5,"minecraft:mutton":34,"minecraft:cod":57,"minecraft:coal":6,"minecraft:cobblestone":16,"minecraft:white_wool":36},"minecraft:killed_by":{"minecraft:skeleton":1,"minecraft:creeper":1,"minecraft:zombie":1},"minecraft:mined":{"minecraft:acacia_leaves":2,"minecraft:crafting_table":1,"minecraft:acacia_log":21,"minecraft:grass_block":4,"minecraft:poppy":1,"minecraft:tall_grass":12,"minecraft:hay_block":15,"minecraft:iron_ore":5,"minecraft:grass":77,"minecraft:coal_ore":3,"minecraft:dirt":6,"minecraft:stone":11,"minecraft:white_wool":11},"minecraft:custom":{"minecraft:mob_kills":87,"minecraft:interact_with_anvil":2,"minecraft:interact_with_crafting_table":7,"minecraft:damage_dealt_resisted":312,"minecraft:leave_game":3,"minecraft:time_since_death":2346,"minecraft:climb_one_cm":4536,"minecraft:damage_resisted":269,"minecraft:time_since_rest":2384,"minecraft:sprint_one_cm":150473,"minecraft:damage_taken":1393,"minecraft:walk_one_cm":210386,"minecraft:drop":5,"minecraft:damage_dealt":18,"minecraft:swim_one_cm":6156,"minecraft:fly_one_cm":1244123,"minecraft:open_chest":3,"minecraft:crouch_one_cm":1715,"minecraft:play_time":109427,"minecraft:deaths":3,"minecraft:sneak_time":2493,"minecraft:walk_under_water_one_cm":5234,"minecraft:jump":1056,"minecraft:walk_on_water_one_cm":2838,"minecraft:total_world_time":109427,"minecraft:fall_one_cm":25859},"minecraft:dropped":{"minecraft:rotten_flesh":2,"minecraft:cod":1,"minecraft:gunpowder":2},"minecraft:killed":{"minecraft:cat":21,"minecraft:pig":10,"minecraft:zombie_villager":1,"minecraft:spider":6,"minecraft:creeper":4,"minecraft:sheep":12,"minecraft:skeleton":7,"minecraft:zombie":12,"minecraft:chicken":4,"jcraft:aya_tsuji":1,"minecraft:cow":8},"minecraft:used":{"minecraft:stone_pickaxe":16,"minecraft:oak_planks":3,"minecraft:wooden_pickaxe":8,"travelersbackpack:dragon":1,"minecraft:rotten_flesh":2,"minecraft:white_wool":14,"minecraft:dirt":5,"minecraft:anvil":2,"minecraft:crafting_table":2,"minecraft:stone_brick_wall":3,"minecraft:lantern":61,"minecraft:bread":13,"minecraft:cat_spawn_egg":16,"minecraft:stone_axe":19,"minecraft:light_gray_wool":2,"minecraft:gray_bed":2,"minecraft:acacia_planks":7}},"DataVersion":3465}