{"stats":{"minecraft:crafted":{"minecraft:crafting_table":2,"minecraft:wooden_pickaxe":1,"minecraft:stone_axe":1,"minecraft:bread":42,"minecraft:stick":12,"minecraft:stone_pickaxe":1,"minecraft:chest":1,"minecraft:acacia_door":3,"minecraft:acacia_planks":84,"minecraft:wheat":126},"minecraft:picked_up":{"minecraft:crafting_table":3,"minecraft:azure_bluet":1,"minecraft:feather":30,"minecraft:chicken":7,"minecraft:ladder":1,"minecraft:anvil":1,"minecraft:leather":34,"minecraft:lead":1,"minecraft:wooden_pickaxe":3,"jcraft:cinderella_green_block":4,"minecraft:gunpowder":22,"minecraft:dirt":53,"minecraft:string":61,"minecraft:lantern":3,"minecraft:acacia_door":4,"minecraft:compass":4,"minecraft:bone":42,"minecraft:cyan_carpet":1,"minecraft:acacia_planks":188,"minecraft:wheat_seeds":52,"minecraft:stone_pickaxe":3,"minecraft:iron_ingot":74,"minecraft:beef":90,"minecraft:poppy":9,"minecraft:light_gray_wool":2,"minecraft:acacia_sapling":4,"minecraft:oak_planks":4,"minecraft:egg":6,"minecraft:stick":18,"minecraft:raw_iron":20,"minecraft:acacia_log":21,"minecraft:porkchop":130,"minecraft:black_dye":1,"jcraft:stand_disc":4,"minecraft:arrow":53,"minecraft:rotten_flesh":72,"minecraft:stone_axe":2,"minecraft:hay_block":22,"minecraft:gray_wool":5,"minecraft:bread":165,"minecraft:white_terracotta":8,"minecraft:black_wool":7,"minecraft:mutton":44,"minecraft:cod":129,"minecraft:coal":9,"minecraft:white_wool":53,"minecraft:cobblestone":28},"minecraft:killed_by":{"minecraft:skeleton":1,"minecraft:creeper":1,"minecraft:zombie":1,"minecraft:iron_golem":1},"minecraft:mined":{"minecraft:acacia_leaves":2,"jcraft:cinderella_green_block":4,"minecraft:crafting_table":1,"minecraft:ladder":1,"minecraft:chiseled_bookshelf":1,"minecraft:acacia_log":21,"minecraft:grass_block":4,"minecraft:poppy":1,"minecraft:tall_grass":18,"minecraft:cobblestone":7,"minecraft:oak_planks":2,"minecraft:spawner":2,"minecraft:hay_block":22,"minecraft:white_terracotta":9,"minecraft:iron_ore":5,"minecraft:anvil":1,"minecraft:grass":110,"minecraft:coal_ore":3,"minecraft:lantern":2,"minecraft:cyan_carpet":1,"minecraft:acacia_door":2,"minecraft:dirt":6,"minecraft:acacia_planks":28,"minecraft:stone":11,"minecraft:white_wool":11},"minecraft:custom":{"minecraft:interact_with_anvil":3,"minecraft:mob_kills":139,"minecraft:animals_bred":3,"minecraft:interact_with_crafting_table":9,"minecraft:open_barrel":2,"minecraft:damage_dealt_resisted":312,"minecraft:leave_game":5,"minecraft:time_since_death":43983,"minecraft:damage_resisted":285,"minecraft:climb_one_cm":16786,"minecraft:time_since_rest":44012,"minecraft:sprint_one_cm":349558,"minecraft:damage_taken":5872,"minecraft:walk_one_cm":491978,"minecraft:drop":5,"minecraft:damage_dealt":601,"minecraft:swim_one_cm":8452,"minecraft:fly_one_cm":1399258,"minecraft:open_chest":13,"minecraft:crouch_one_cm":6606,"minecraft:play_time":203680,"minecraft:deaths":8,"minecraft:sneak_time":4164,"minecraft:walk_under_water_one_cm":7578,"minecraft:jump":1812,"minecraft:walk_on_water_one_cm":3238,"minecraft:total_world_time":203680,"minecraft:fall_one_cm":82918},"minecraft:dropped":{"minecraft:rotten_flesh":2,"minecraft:cod":1,"minecraft:gunpowder":2},"minecraft:killed":{"minecraft:cat":25,"minecraft:pig":14,"minecraft:zombie_villager":1,"minecraft:iron_golem":4,"minecraft:spider":16,"minecraft:creeper":6,"minecraft:sheep":15,"minecraft:skeleton":17,"minecraft:donkey":2,"minecraft:zombie":20,"minecraft:chicken":5,"jcraft:aya_tsuji":1,"minecraft:cow":12},"minecraft:used":{"minecraft:stone_pickaxe":45,"minecraft:ladder":1,"minecraft:oak_planks":3,"minecraft:chest":1,"minecraft:wooden_pickaxe":8,"minecraft:white_terracotta":7,"travelersbackpack:dragon":1,"minecraft:rotten_flesh":2,"minecraft:white_wool":20,"minecraft:dirt":6,"minecraft:anvil":4,"minecraft:crafting_table":3,"minecraft:cod":1,"minecraft:stone_brick_wall":3,"minecraft:black_wool":2,"minecraft:acacia_door":3,"minecraft:lantern":63,"minecraft:bread":32,"minecraft:cat_spawn_egg":16,"minecraft:stone_axe":62,"minecraft:light_gray_wool":2,"jcraft:cinderella_green_block":4,"minecraft:cobblestone":7,"minecraft:gray_bed":2,"minecraft:gray_wool":1,"minecraft:acacia_planks":48}},"DataVersion":3465}