{"stats":{"minecraft:used":{"minecraft:rose_bush":8,"jcraft:knife_bundle":1,"jcraft:knife":44,"minecraft:diamond_hoe":6,"minecraft:mycelium":14,"minecraft:spruce_planks":8,"minecraft:stone":8,"minecraft:iron_sword":14,"minecraft:rotten_flesh":24,"jcraft:coffin":3,"minecraft:dirt":32,"minecraft:mutton":10,"minecraft:anvil":4,"minecraft:carrot":2,"minecraft:cyan_wool":1,"jcraft:jotaro_jacket":1,"minecraft:dark_oak_planks":5,"jcraft:stone_mask":2,"minecraft:red_tulip":1,"jcraft:red_hat":1,"minecraft:grass_block":16,"minecraft:chicken_spawn_egg":291,"minecraft:dark_oak_slab":3,"minecraft:beef":2,"travelersbackpack:ocelot":1,"jcraft:blood_bottle":3,"minecraft:gray_bed":4,"minecraft:golden_axe":1,"minecraft:brown_bed":2,"minecraft:iron_ore":1,"minecraft:red_mushroom_block":93,"minecraft:white_wool":2,"jcraft:jotaro_pants":1,"minecraft:sand":11,"minecraft:crafting_table":1,"minecraft:mushroom_stew":1,"minecraft:red_mushroom":3,"minecraft:cod":51,"minecraft:cake":2,"minecraft:mushroom_stem":4,"jcraft:jotaro_boots":1,"minecraft:black_wool":1,"minecraft:chicken":6,"travelersbackpack:netherite":2,"minecraft:bread":23,"minecraft:iron_pickaxe":5,"minecraft:string":3,"minecraft:cyan_carpet":4,"minecraft:red_terracotta":1,"minecraft:cat_spawn_egg":4,"minecraft:pink_petals":1,"minecraft:fishing_rod":15,"minecraft:porkchop":7,"minecraft:smithing_table":2,"minecraft:pumpkin_pie":2,"minecraft:coarse_dirt":3,"minecraft:bone_meal":8,"minecraft:experience_bottle":3},"minecraft:killed_by":{"minecraft:husk":6,"minecraft:creeper":4,"minecraft:spider":2,"minecraft:villager":1,"minecraft:iron_golem":35,"minecraft:zoglin":1,"minecraft:skeleton":11,"minecraft:zombie":4},"minecraft:custom":{"minecraft:interact_with_smithing_table":4,"minecraft:interact_with_anvil":2,"minecraft:mob_kills":734,"minecraft:interact_with_crafting_table":6,"minecraft:open_barrel":22,"minecraft:damage_dealt_resisted":62,"minecraft:eat_cake_slice":15,"minecraft:leave_game":12,"minecraft:time_since_death":17648,"minecraft:climb_one_cm":3654,"minecraft:damage_resisted":1404,"minecraft:sprint_one_cm":863928,"minecraft:walk_one_cm":966315,"minecraft:drop":177,"minecraft:talked_to_villager":1,"minecraft:play_time":470659,"minecraft:sneak_time":15946,"minecraft:deaths":70,"minecraft:walk_under_water_one_cm":51884,"minecraft:jump":3919,"minecraft:interact_with_blast_furnace":3,"minecraft:walk_on_water_one_cm":34903,"minecraft:total_world_time":470659,"minecraft:sleep_in_bed":23,"minecraft:time_since_rest":17672,"minecraft:damage_taken":25984,"minecraft:damage_dealt":665,"minecraft:swim_one_cm":63104,"minecraft:fly_one_cm":879301,"minecraft:open_chest":25,"minecraft:crouch_one_cm":22910,"minecraft:fall_one_cm":182164},"minecraft:dropped":{"minecraft:iron_ingot":118,"minecraft:bread":2,"minecraft:iron_sword":1,"minecraft:porkchop":2,"minecraft:wheat_seeds":2,"minecraft:grass_block":1,"minecraft:coal":6,"minecraft:red_mushroom":13,"minecraft:cod":140,"minecraft:dirt":1,"minecraft:iron_leggings":1,"minecraft:sunflower":3,"minecraft:iron_pickaxe":1,"minecraft:dark_oak_planks":2,"minecraft:string":4,"minecraft:fishing_rod":1,"minecraft:bone":8,"minecraft:gravel":2,"minecraft:iron_nugget":19,"jcraft:anubis":147,"minecraft:bowl":1,"minecraft:wheat":7,"minecraft:stone":7,"minecraft:gunpowder":1,"minecraft:chest":1,"minecraft:arrow":5,"minecraft:vex_armor_trim_smithing_template":1},"minecraft:mined":{"minecraft:dark_oak_planks":5,"minecraft:spruce_planks":2,"jcraft:coffin":1,"minecraft:brown_bed":2,"minecraft:blast_furnace":5,"minecraft:chest":1,"minecraft:rose_bush":7,"minecraft:mushroom_stem":8,"minecraft:tall_grass":3,"minecraft:gray_bed":1,"minecraft:grass":55,"minecraft:oak_log":2,"minecraft:mycelium":2,"minecraft:cyan_carpet":1,"minecraft:dirt":2,"minecraft:red_mushroom_block":46},"minecraft:killed":{"minecraft:spider":29,"minecraft:zoglin":1,"minecraft:horse":7,"minecraft:skeleton":52,"minecraft:chicken":360,"minecraft:illusioner":1,"minecraft:drowned":1,"minecraft:cat":1,"minecraft:husk":26,"minecraft:pig":25,"minecraft:zombie_villager":2,"minecraft:iron_golem":54,"minecraft:frog":1,"minecraft:creeper":26,"minecraft:sheep":38,"minecraft:zombie":74,"minecraft:mooshroom":12,"minecraft:villager":1,"minecraft:enderman":4,"minecraft:cow":13},"minecraft:picked_up":{"minecraft:charcoal":6,"minecraft:fishing_rod":5,"minecraft:coarse_dirt":14,"minecraft:birch_door":5,"minecraft:wheat":42,"minecraft:chicken":332,"minecraft:leather_leggings":2,"minecraft:yellow_wool":390,"minecraft:brown_bed":2,"minecraft:enchanted_book":86,"minecraft:music_disc_cat":28,"minecraft:string":67,"minecraft:dark_oak_trapdoor":13,"minecraft:stone_stairs":7,"minecraft:iron_leggings":5,"minecraft:experience_bottle":6,"minecraft:cyan_carpet":8,"minecraft:gold_nugget":658,"minecraft:spruce_planks":67,"minecraft:beef":366,"minecraft:rose_bush":106,"minecraft:poppy":178,"minecraft:iron_nugget":797,"minecraft:iron_pickaxe":6,"minecraft:light_gray_wool":9,"minecraft:chest":26,"minecraft:diamond_hoe":4,"minecraft:egg":6,"minecraft:stick":7,"minecraft:stone":153,"jcraft:knife":21,"minecraft:polished_deepslate_stairs":2,"minecraft:spruce_stairs":3,"minecraft:porkchop":85,"minecraft:mangrove_sign":1,"travelersbackpack:crafting_upgrade":6,"minecraft:carrot":24,"minecraft:iron_horse_armor":4,"minecraft:dark_oak_planks":104,"minecraft:waxed_cut_copper_stairs":6,"minecraft:arrow":149,"minecraft:rotten_flesh":445,"minecraft:pumpkin_pie":6,"minecraft:vex_armor_trim_smithing_template":15,"minecraft:saddle":14,"minecraft:red_tulip":117,"minecraft:stripped_dark_oak_wood":4,"minecraft:glistering_melon_slice":21,"travelersbackpack:gray_sleeping_bag":6,"minecraft:gold_ingot":119,"minecraft:mutton":161,"minecraft:cod":1866,"minecraft:white_wool":102,"minecraft:leather_chestplate":2,"jcraft:cinderella_mask":15,"minecraft:feather":322,"minecraft:salmon":384,"minecraft:leather":461,"minecraft:red_mushroom":112,"minecraft:mushroom_stew":7,"minecraft:oak_log":2,"minecraft:chainmail_chestplate":2,"minecraft:gunpowder":53,"minecraft:mangrove_slab":5,"minecraft:dirt":444,"minecraft:lantern":3,"minecraft:spawner":6,"minecraft:name_tag":28,"minecraft:leather_boots":2,"minecraft:bone":482,"minecraft:apple":157,"minecraft:gray_carpet":29,"minecraft:wheat_seeds":49,"minecraft:iron_ingot":2216,"minecraft:iron_ore":363,"minecraft:gray_bed":1,"minecraft:iron_sword":30,"minecraft:dark_oak_stairs":63,"minecraft:book":4,"minecraft:polished_andesite_stairs":2,"minecraft:dark_oak_slab":3,"jcraft:anubis":147,"minecraft:gravel":38,"minecraft:sand":196,"minecraft:blast_furnace":11,"minecraft:grass_block":107,"minecraft:lily_of_the_valley":4,"minecraft:red_terracotta":2,"minecraft:barrel":6,"minecraft:leather_helmet":5,"travelersbackpack:standard":1,"minecraft:coal_ore":1,"minecraft:slime_ball":16,"minecraft:diamond":23,"minecraft:iron_helmet":2,"minecraft:golden_apple":28,"minecraft:bread":68,"minecraft:black_wool":7,"minecraft:coal":85,"minecraft:sunflower":69},"minecraft:crafted":{"minecraft:air":0,"minecraft:iron_pickaxe":1}},"DataVersion":3465}