{"stats":{"minecraft:crafted":{"minecraft:oak_planks":12,"minecraft:crafting_table":1,"minecraft:bread":27,"minecraft:wheat":81},"minecraft:killed_by":{"minecraft:player":3,"minecraft:skeleton":1,"minecraft:spider":1,"minecraft:zombie":1},"minecraft:custom":{"minecraft:sprint_one_cm":200533,"minecraft:damage_taken":2019,"minecraft:walk_one_cm":147705,"minecraft:interact_with_anvil":18,"minecraft:mob_kills":69,"minecraft:drop":18,"minecraft:damage_dealt":208,"minecraft:interact_with_crafting_table":1,"minecraft:swim_one_cm":3779,"minecraft:player_kills":4,"minecraft:fly_one_cm":297345,"minecraft:crouch_one_cm":13156,"minecraft:play_time":74211,"minecraft:deaths":7,"minecraft:sneak_time":5982,"minecraft:walk_under_water_one_cm":4657,"minecraft:jump":1379,"minecraft:damage_dealt_resisted":112,"minecraft:leave_game":14,"minecraft:time_since_death":4239,"minecraft:walk_on_water_one_cm":1730,"minecraft:total_world_time":74211,"minecraft:damage_resisted":72,"minecraft:fall_one_cm":43423,"minecraft:time_since_rest":4299},"minecraft:killed":{"minecraft:cat":27,"minecraft:sheep":5,"minecraft:horse":1,"minecraft:skeleton":6,"minecraft:zombie":9,"minecraft:pig":10,"minecraft:spider":3,"jcraft:aya_tsuji":1,"minecraft:player":4,"minecraft:villager":1,"minecraft:creeper":2,"minecraft:cow":3},"minecraft:used":{"minecraft:grass_block":4,"minecraft:bread":7,"minecraft:cat_spawn_egg":28,"minecraft:rotten_flesh":1,"minecraft:pink_petals":1,"minecraft:dirt":36,"minecraft:anvil":1,"minecraft:mutton":1,"minecraft:crafting_table":1,"minecraft:cod":52,"minecraft:oak_fence":1},"minecraft:picked_up":{"minecraft:pink_petals":63,"minecraft:anvil":7,"minecraft:oak_fence":1,"minecraft:leather":9,"minecraft:porkchop":42,"minecraft:oak_log":3,"minecraft:grass_block":7,"minecraft:dirt":202,"minecraft:string":26,"minecraft:bone":4,"minecraft:arrow":10,"minecraft:rotten_flesh":12,"minecraft:wheat_seeds":17,"minecraft:hay_block":96,"minecraft:granite":3,"minecraft:beef":15,"jcraft:stand_arrow":5,"minecraft:bread":41,"minecraft:oak_planks":16,"minecraft:mutton":12,"minecraft:cod":594,"minecraft:white_wool":14,"minecraft:cobblestone":82},"minecraft:dropped":{"minecraft:bread":15,"jcraft:stand_disc":1,"jcraft:stand_arrow":1,"minecraft:cat_spawn_egg":1},"minecraft:mined":{"minecraft:pink_petals":6,"minecraft:grass":16,"minecraft:tall_grass":1}},"DataVersion":3465}