{"stats":{"minecraft:used":{"minecraft:spruce_planks":8,"minecraft:rotten_flesh":11,"minecraft:anvil":3,"minecraft:sand":11,"minecraft:cod":2,"minecraft:cake":2,"minecraft:dark_oak_planks":3,"minecraft:bread":11,"minecraft:iron_pickaxe":5,"minecraft:dark_oak_slab":3,"minecraft:cat_spawn_egg":4,"minecraft:golden_axe":1,"minecraft:experience_bottle":2},"minecraft:killed":{"minecraft:cat":1,"minecraft:husk":7,"minecraft:pig":2,"minecraft:zombie_villager":1,"minecraft:spider":6,"minecraft:iron_golem":5,"minecraft:creeper":4,"minecraft:sheep":7,"minecraft:skeleton":19,"minecraft:zombie":15,"minecraft:illusioner":1,"minecraft:villager":1},"minecraft:killed_by":{"minecraft:husk":3,"minecraft:skeleton":5,"minecraft:spider":1,"minecraft:zombie":1,"minecraft:villager":1},"minecraft:crafted":{"minecraft:iron_pickaxe":1},"minecraft:custom":{"minecraft:mob_kills":70,"minecraft:interact_with_anvil":2,"minecraft:interact_with_crafting_table":2,"minecraft:open_barrel":7,"minecraft:damage_dealt_resisted":62,"minecraft:eat_cake_slice":15,"minecraft:leave_game":5,"minecraft:time_since_death":10961,"minecraft:sleep_in_bed":8,"minecraft:climb_one_cm":1129,"minecraft:damage_resisted":312,"minecraft:time_since_rest":10990,"minecraft:sprint_one_cm":146034,"minecraft:damage_taken":4090,"minecraft:walk_one_cm":213030,"minecraft:damage_dealt":100,"minecraft:swim_one_cm":9822,"minecraft:talked_to_villager":1,"minecraft:fly_one_cm":134136,"minecraft:open_chest":13,"minecraft:crouch_one_cm":3452,"minecraft:play_time":129436,"minecraft:deaths":12,"minecraft:sneak_time":2253,"minecraft:walk_under_water_one_cm":8249,"minecraft:jump":629,"minecraft:interact_with_blast_furnace":2,"minecraft:walk_on_water_one_cm":3855,"minecraft:total_world_time":129436,"minecraft:fall_one_cm":23995},"minecraft:picked_up":{"minecraft:feather":3,"minecraft:oak_log":2,"minecraft:lantern":3,"minecraft:dirt":19,"minecraft:string":19,"minecraft:dark_oak_trapdoor":1,"minecraft:stone_stairs":7,"minecraft:spawner":6,"minecraft:experience_bottle":6,"minecraft:bone":38,"minecraft:cyan_carpet":4,"minecraft:apple":22,"minecraft:gray_carpet":25,"minecraft:wheat_seeds":2,"minecraft:spruce_planks":19,"minecraft:iron_ingot":36,"minecraft:rose_bush":24,"minecraft:poppy":5,"minecraft:iron_pickaxe":3,"minecraft:light_gray_wool":6,"minecraft:chest":3,"minecraft:dark_oak_stairs":6,"minecraft:book":4,"minecraft:stick":5,"minecraft:dark_oak_slab":3,"minecraft:stone":45,"minecraft:polished_deepslate_stairs":2,"minecraft:porkchop":2,"minecraft:sand":89,"minecraft:blast_furnace":11,"minecraft:grass_block":7,"minecraft:leather_helmet":5,"minecraft:dark_oak_planks":42,"minecraft:coal_ore":1,"minecraft:arrow":38,"minecraft:rotten_flesh":53,"minecraft:slime_ball":8,"minecraft:diamond":5,"minecraft:gold_ingot":15,"minecraft:bread":27,"minecraft:mutton":37,"minecraft:cod":440,"minecraft:coal":29,"minecraft:white_wool":7,"minecraft:sunflower":7},"minecraft:mined":{"minecraft:dark_oak_planks":5,"minecraft:spruce_planks":2,"minecraft:blast_furnace":5,"minecraft:chest":1,"minecraft:rose_bush":5,"minecraft:grass":5,"minecraft:oak_log":2}},"DataVersion":3465}