{"stats":{"minecraft:killed":{"minecraft:cat":1,"minecraft:sheep":6,"minecraft:skeleton":4,"minecraft:husk":1,"minecraft:zombie":5,"minecraft:pig":1,"minecraft:iron_golem":1,"minecraft:spider":4,"minecraft:creeper":1},"minecraft:picked_up":{"minecraft:book":2,"minecraft:stick":3,"minecraft:feather":1,"minecraft:porkchop":1,"minecraft:sand":45,"minecraft:oak_log":2,"minecraft:grass_block":3,"minecraft:dirt":6,"minecraft:string":10,"minecraft:leather_helmet":2,"minecraft:arrow":3,"minecraft:experience_bottle":2,"minecraft:bone":4,"minecraft:slime_ball":2,"minecraft:rotten_flesh":12,"minecraft:diamond":2,"minecraft:wheat_seeds":1,"minecraft:iron_ingot":6,"minecraft:rose_bush":3,"minecraft:poppy":1,"minecraft:bread":9,"minecraft:light_gray_wool":2,"minecraft:chest":1,"minecraft:mutton":17,"minecraft:cod":70,"minecraft:coal":12,"minecraft:white_wool":4,"minecraft:sunflower":2},"minecraft:mined":{"minecraft:grass":4,"minecraft:oak_log":2,"minecraft:chest":1},"minecraft:crafted":{"minecraft:iron_pickaxe":1},"minecraft:killed_by":{"minecraft:husk":1,"minecraft:skeleton":2},"minecraft:used":{"minecraft:bread":6,"minecraft:cat_spawn_egg":4,"minecraft:sand":11,"minecraft:anvil":3,"minecraft:golden_axe":1},"minecraft:custom":{"minecraft:time_since_rest":2988,"minecraft:damage_taken":1302,"minecraft:sprint_one_cm":61639,"minecraft:walk_one_cm":85986,"minecraft:mob_kills":25,"minecraft:interact_with_anvil":2,"minecraft:damage_dealt":100,"minecraft:interact_with_crafting_table":2,"minecraft:swim_one_cm":8127,"minecraft:fly_one_cm":68129,"minecraft:open_chest":9,"minecraft:play_time":29379,"minecraft:crouch_one_cm":701,"minecraft:sneak_time":852,"minecraft:deaths":3,"minecraft:walk_under_water_one_cm":7108,"minecraft:jump":267,"minecraft:leave_game":1,"minecraft:time_since_death":9956,"minecraft:walk_on_water_one_cm":3258,"minecraft:sleep_in_bed":8,"minecraft:total_world_time":29379,"minecraft:fall_one_cm":9444}},"DataVersion":3465}