{"stats":{"minecraft:crafted":{"minecraft:crafting_table":2,"minecraft:wooden_pickaxe":1,"minecraft:stone_axe":1,"minecraft:bread":42,"minecraft:stick":12,"minecraft:stone_pickaxe":1,"minecraft:chest":1,"minecraft:acacia_door":3,"minecraft:acacia_planks":84,"minecraft:wheat":126},"minecraft:picked_up":{"minecraft:crafting_table":3,"minecraft:azure_bluet":1,"minecraft:feather":30,"minecraft:chicken":7,"minecraft:ladder":1,"minecraft:anvil":1,"minecraft:tripwire_hook":1,"minecraft:leather":34,"minecraft:lead":1,"minecraft:wooden_pickaxe":5,"minecraft:potion":2,"jcraft:cinderella_green_block":4,"minecraft:gunpowder":22,"minecraft:dirt":127,"minecraft:string":71,"minecraft:lantern":3,"minecraft:acacia_door":4,"minecraft:compass":4,"minecraft:bone":126,"minecraft:cyan_carpet":1,"minecraft:acacia_planks":188,"minecraft:apple":12,"minecraft:wheat_seeds":57,"minecraft:stone_pickaxe":5,"minecraft:iron_ingot":126,"minecraft:beef":142,"minecraft:poppy":24,"minecraft:light_gray_wool":2,"minecraft:sugar_cane":8,"minecraft:acacia_sapling":4,"minecraft:oak_planks":4,"minecraft:egg":6,"minecraft:stick":18,"minecraft:raw_iron":30,"minecraft:stone":5,"minecraft:acacia_log":21,"minecraft:porkchop":142,"minecraft:cake":10,"minecraft:grass_block":32,"minecraft:black_dye":1,"jcraft:stand_disc":4,"minecraft:arrow":104,"minecraft:rotten_flesh":156,"minecraft:stone_axe":4,"minecraft:pumpkin_pie":6,"minecraft:hay_block":22,"minecraft:gray_wool":5,"minecraft:bread":249,"minecraft:white_terracotta":10,"minecraft:black_wool":7,"minecraft:mutton":54,"minecraft:cod":129,"minecraft:coal":9,"minecraft:white_wool":54,"minecraft:cobblestone":28},"minecraft:killed_by":{"minecraft:skeleton":2,"minecraft:creeper":1,"minecraft:spider":1,"minecraft:zombie":1,"minecraft:iron_golem":1},"minecraft:mined":{"minecraft:acacia_leaves":2,"jcraft:cinderella_green_block":4,"minecraft:crafting_table":1,"minecraft:ladder":1,"minecraft:chiseled_bookshelf":1,"minecraft:acacia_log":21,"minecraft:grass_block":4,"minecraft:poppy":1,"minecraft:tall_grass":20,"minecraft:cobblestone":7,"minecraft:sugar_cane":6,"minecraft:oak_planks":2,"minecraft:spawner":5,"minecraft:hay_block":22,"minecraft:white_terracotta":9,"minecraft:iron_ore":5,"minecraft:anvil":1,"minecraft:grass":124,"minecraft:coal_ore":3,"minecraft:lantern":2,"minecraft:cyan_carpet":1,"minecraft:acacia_door":2,"minecraft:dirt":7,"minecraft:tripwire_hook":1,"minecraft:acacia_planks":28,"minecraft:cake":1,"minecraft:stone":11,"minecraft:white_wool":11},"minecraft:custom":{"minecraft:interact_with_anvil":3,"minecraft:mob_kills":204,"minecraft:animals_bred":3,"minecraft:tune_noteblock":6,"minecraft:interact_with_crafting_table":9,"minecraft:open_barrel":12,"minecraft:eat_cake_slice":7,"minecraft:damage_dealt_resisted":938,"minecraft:leave_game":5,"minecraft:time_since_death":17038,"minecraft:damage_resisted":445,"minecraft:climb_one_cm":19088,"minecraft:time_since_rest":17077,"minecraft:sprint_one_cm":406224,"minecraft:damage_taken":8343,"minecraft:walk_one_cm":637326,"minecraft:drop":13,"minecraft:damage_dealt":644,"minecraft:swim_one_cm":8452,"minecraft:fly_one_cm":1455381,"minecraft:open_chest":15,"minecraft:crouch_one_cm":11334,"minecraft:play_time":239680,"minecraft:deaths":11,"minecraft:sneak_time":7891,"minecraft:walk_under_water_one_cm":7852,"minecraft:jump":2106,"minecraft:walk_on_water_one_cm":6412,"minecraft:total_world_time":239680,"minecraft:fall_one_cm":95355},"minecraft:dropped":{"minecraft:wheat_seeds":13,"minecraft:chicken":1,"minecraft:rotten_flesh":2,"minecraft:azure_bluet":1,"minecraft:cod":1,"minecraft:dirt":1,"minecraft:gunpowder":2,"minecraft:acacia_sapling":1,"minecraft:string":9,"minecraft:cyan_carpet":1,"minecraft:egg":1},"minecraft:killed":{"minecraft:cat":25,"minecraft:husk":15,"minecraft:pig":17,"minecraft:zombie_villager":1,"minecraft:iron_golem":14,"minecraft:spider":20,"minecraft:creeper":7,"minecraft:sheep":16,"minecraft:skeleton":35,"minecraft:donkey":2,"minecraft:zombie":30,"minecraft:chicken":5,"minecraft:illusioner":2,"jcraft:aya_tsuji":1,"minecraft:cow":12},"minecraft:used":{"minecraft:stone_pickaxe":50,"minecraft:ladder":1,"minecraft:oak_planks":3,"minecraft:chest":1,"minecraft:wooden_pickaxe":8,"minecraft:white_terracotta":7,"travelersbackpack:dragon":1,"minecraft:rotten_flesh":2,"minecraft:white_wool":20,"minecraft:dirt":32,"minecraft:anvil":4,"minecraft:crafting_table":3,"minecraft:cod":1,"minecraft:stone_brick_wall":3,"minecraft:cake":2,"minecraft:black_wool":2,"minecraft:acacia_door":3,"minecraft:lantern":63,"minecraft:bread":38,"minecraft:cat_spawn_egg":16,"minecraft:stone_axe":67,"minecraft:light_gray_wool":2,"jcraft:cinderella_green_block":4,"minecraft:cobblestone":7,"minecraft:gray_bed":2,"minecraft:gray_wool":1,"minecraft:acacia_planks":48}},"DataVersion":3465}