{"stats":{"minecraft:used":{"minecraft:rose_bush":8,"minecraft:spruce_planks":8,"minecraft:rotten_flesh":17,"minecraft:dirt":15,"minecraft:anvil":3,"minecraft:sand":11,"minecraft:cod":13,"minecraft:cake":2,"minecraft:dark_oak_planks":3,"minecraft:grass_block":15,"minecraft:bread":12,"minecraft:string":3,"minecraft:iron_pickaxe":5,"minecraft:dark_oak_slab":3,"minecraft:cat_spawn_egg":4,"minecraft:golden_axe":1,"minecraft:experience_bottle":2},"minecraft:killed":{"minecraft:cat":1,"minecraft:husk":7,"minecraft:pig":3,"minecraft:zombie_villager":1,"minecraft:spider":9,"minecraft:iron_golem":10,"minecraft:zoglin":1,"minecraft:creeper":5,"minecraft:sheep":7,"minecraft:skeleton":24,"minecraft:zombie":27,"minecraft:drowned":1,"minecraft:illusioner":1,"minecraft:villager":1},"minecraft:killed_by":{"minecraft:husk":3,"minecraft:skeleton":5,"minecraft:spider":1,"minecraft:zombie":1,"minecraft:villager":1,"minecraft:zoglin":1},"minecraft:crafted":{"minecraft:iron_pickaxe":1},"minecraft:custom":{"minecraft:mob_kills":100,"minecraft:interact_with_anvil":2,"minecraft:interact_with_crafting_table":3,"minecraft:open_barrel":7,"minecraft:damage_dealt_resisted":62,"minecraft:eat_cake_slice":15,"minecraft:leave_game":5,"minecraft:time_since_death":12780,"minecraft:sleep_in_bed":8,"minecraft:climb_one_cm":1129,"minecraft:damage_resisted":416,"minecraft:time_since_rest":12809,"minecraft:sprint_one_cm":194317,"minecraft:damage_taken":4886,"minecraft:walk_one_cm":271877,"minecraft:damage_dealt":100,"minecraft:swim_one_cm":21214,"minecraft:talked_to_villager":1,"minecraft:fly_one_cm":191915,"minecraft:open_chest":15,"minecraft:crouch_one_cm":6339,"minecraft:play_time":153436,"minecraft:deaths":14,"minecraft:sneak_time":4604,"minecraft:walk_under_water_one_cm":11716,"minecraft:jump":899,"minecraft:interact_with_blast_furnace":2,"minecraft:walk_on_water_one_cm":10402,"minecraft:total_world_time":153436,"minecraft:fall_one_cm":33624},"minecraft:picked_up":{"minecraft:fishing_rod":1,"minecraft:coarse_dirt":2,"minecraft:wheat":7,"minecraft:feather":3,"minecraft:oak_log":2,"minecraft:lantern":3,"minecraft:dirt":55,"minecraft:string":22,"minecraft:dark_oak_trapdoor":1,"minecraft:stone_stairs":7,"minecraft:spawner":6,"minecraft:experience_bottle":6,"minecraft:bone":53,"minecraft:cyan_carpet":4,"minecraft:apple":22,"minecraft:gray_carpet":25,"minecraft:wheat_seeds":5,"minecraft:spruce_planks":19,"minecraft:iron_ingot":289,"minecraft:rose_bush":40,"minecraft:poppy":14,"minecraft:iron_pickaxe":3,"minecraft:light_gray_wool":6,"minecraft:chest":4,"minecraft:dark_oak_stairs":6,"minecraft:book":4,"minecraft:stick":5,"minecraft:dark_oak_slab":3,"minecraft:stone":52,"minecraft:polished_deepslate_stairs":2,"minecraft:gravel":2,"minecraft:porkchop":6,"minecraft:sand":89,"minecraft:blast_furnace":11,"minecraft:grass_block":26,"minecraft:leather_helmet":5,"minecraft:dark_oak_planks":44,"minecraft:coal_ore":1,"minecraft:arrow":46,"minecraft:rotten_flesh":81,"minecraft:slime_ball":8,"minecraft:diamond":5,"minecraft:gold_ingot":15,"minecraft:bread":33,"minecraft:mutton":37,"minecraft:cod":547,"minecraft:coal":37,"minecraft:white_wool":7,"minecraft:sunflower":13},"minecraft:mined":{"minecraft:dark_oak_planks":5,"minecraft:spruce_planks":2,"minecraft:blast_furnace":5,"minecraft:chest":1,"minecraft:rose_bush":5,"minecraft:grass":11,"minecraft:oak_log":2}},"DataVersion":3465}