{"stats":{"minecraft:used":{"minecraft:spruce_planks":8,"minecraft:rotten_flesh":8,"minecraft:anvil":3,"minecraft:sand":11,"minecraft:cod":2,"minecraft:cake":2,"minecraft:dark_oak_planks":3,"minecraft:bread":11,"minecraft:iron_pickaxe":5,"minecraft:dark_oak_slab":3,"minecraft:cat_spawn_egg":4,"minecraft:golden_axe":1,"minecraft:experience_bottle":2},"minecraft:killed":{"minecraft:cat":1,"minecraft:husk":7,"minecraft:pig":1,"minecraft:zombie_villager":1,"minecraft:spider":6,"minecraft:iron_golem":1,"minecraft:creeper":3,"minecraft:sheep":7,"minecraft:skeleton":16,"minecraft:zombie":11,"minecraft:villager":1},"minecraft:killed_by":{"minecraft:husk":3,"minecraft:skeleton":5,"minecraft:spider":1,"minecraft:zombie":1,"minecraft:villager":1},"minecraft:crafted":{"minecraft:iron_pickaxe":1},"minecraft:custom":{"minecraft:mob_kills":56,"minecraft:interact_with_anvil":2,"minecraft:interact_with_crafting_table":2,"minecraft:open_barrel":7,"minecraft:damage_dealt_resisted":62,"minecraft:eat_cake_slice":15,"minecraft:leave_game":3,"minecraft:time_since_death":110,"minecraft:sleep_in_bed":8,"minecraft:climb_one_cm":1129,"minecraft:damage_resisted":24,"minecraft:time_since_rest":139,"minecraft:sprint_one_cm":131329,"minecraft:damage_taken":3908,"minecraft:walk_one_cm":163209,"minecraft:damage_dealt":100,"minecraft:swim_one_cm":8833,"minecraft:talked_to_villager":1,"minecraft:fly_one_cm":121070,"minecraft:open_chest":13,"minecraft:crouch_one_cm":2551,"minecraft:play_time":118585,"minecraft:deaths":12,"minecraft:sneak_time":1418,"minecraft:walk_under_water_one_cm":7577,"minecraft:jump":563,"minecraft:interact_with_blast_furnace":2,"minecraft:walk_on_water_one_cm":3703,"minecraft:total_world_time":118585,"minecraft:fall_one_cm":21984},"minecraft:picked_up":{"minecraft:feather":3,"minecraft:oak_log":2,"minecraft:lantern":3,"minecraft:dirt":6,"minecraft:string":18,"minecraft:dark_oak_trapdoor":1,"minecraft:stone_stairs":7,"minecraft:spawner":6,"minecraft:bone":34,"minecraft:experience_bottle":6,"minecraft:cyan_carpet":4,"minecraft:apple":22,"minecraft:gray_carpet":25,"minecraft:wheat_seeds":1,"minecraft:spruce_planks":19,"minecraft:iron_ingot":22,"minecraft:rose_bush":17,"minecraft:poppy":3,"minecraft:iron_pickaxe":3,"minecraft:light_gray_wool":6,"minecraft:chest":3,"minecraft:dark_oak_stairs":6,"minecraft:book":4,"minecraft:stick":5,"minecraft:dark_oak_slab":3,"minecraft:stone":45,"minecraft:polished_deepslate_stairs":2,"minecraft:porkchop":1,"minecraft:sand":89,"minecraft:blast_furnace":11,"minecraft:grass_block":3,"minecraft:leather_helmet":5,"minecraft:dark_oak_planks":42,"minecraft:arrow":36,"minecraft:coal_ore":1,"minecraft:rotten_flesh":47,"minecraft:slime_ball":8,"minecraft:diamond":5,"minecraft:gold_ingot":15,"minecraft:bread":27,"minecraft:mutton":37,"minecraft:cod":378,"minecraft:coal":29,"minecraft:white_wool":7,"minecraft:sunflower":4},"minecraft:mined":{"minecraft:dark_oak_planks":5,"minecraft:spruce_planks":2,"minecraft:blast_furnace":5,"minecraft:chest":1,"minecraft:rose_bush":5,"minecraft:grass":5,"minecraft:oak_log":2}},"DataVersion":3465}