{"stats":{"minecraft:picked_up":{"minecraft:feather":3,"minecraft:oak_log":2,"minecraft:stone_stairs":7,"minecraft:dirt":6,"minecraft:string":18,"minecraft:dark_oak_trapdoor":1,"minecraft:lantern":3,"minecraft:spawner":6,"minecraft:apple":22,"minecraft:bone":25,"minecraft:experience_bottle":6,"minecraft:cyan_carpet":4,"minecraft:gray_carpet":25,"minecraft:wheat_seeds":1,"minecraft:spruce_planks":19,"minecraft:iron_ingot":22,"minecraft:rose_bush":9,"minecraft:poppy":3,"minecraft:iron_pickaxe":3,"minecraft:light_gray_wool":6,"minecraft:chest":3,"minecraft:dark_oak_stairs":6,"minecraft:book":4,"minecraft:stick":5,"minecraft:dark_oak_slab":3,"minecraft:stone":45,"minecraft:polished_deepslate_stairs":2,"minecraft:sand":89,"minecraft:porkchop":1,"minecraft:blast_furnace":11,"minecraft:grass_block":3,"minecraft:leather_helmet":5,"minecraft:dark_oak_planks":42,"minecraft:arrow":30,"minecraft:coal_ore":1,"minecraft:rotten_flesh":34,"minecraft:slime_ball":8,"minecraft:diamond":5,"minecraft:gold_ingot":15,"minecraft:bread":27,"minecraft:cod":126,"minecraft:mutton":35,"minecraft:coal":29,"minecraft:white_wool":6,"minecraft:sunflower":4},"minecraft:killed":{"minecraft:cat":1,"minecraft:husk":7,"minecraft:pig":1,"minecraft:zombie_villager":1,"minecraft:spider":4,"minecraft:iron_golem":1,"minecraft:creeper":1,"minecraft:sheep":6,"minecraft:skeleton":13,"minecraft:zombie":6,"minecraft:villager":1},"minecraft:mined":{"minecraft:dark_oak_planks":5,"minecraft:spruce_planks":2,"minecraft:blast_furnace":5,"minecraft:chest":1,"minecraft:grass":4,"minecraft:oak_log":2},"minecraft:crafted":{"minecraft:iron_pickaxe":1},"minecraft:killed_by":{"minecraft:husk":3,"minecraft:skeleton":3,"minecraft:villager":1},"minecraft:used":{"minecraft:spruce_planks":8,"minecraft:rotten_flesh":4,"minecraft:sand":11,"minecraft:anvil":3,"minecraft:cake":2,"minecraft:dark_oak_planks":3,"minecraft:bread":11,"minecraft:iron_pickaxe":5,"minecraft:dark_oak_slab":3,"minecraft:cat_spawn_egg":4,"minecraft:golden_axe":1,"minecraft:experience_bottle":2},"minecraft:custom":{"minecraft:mob_kills":43,"minecraft:interact_with_anvil":2,"minecraft:interact_with_crafting_table":2,"minecraft:open_barrel":7,"minecraft:damage_dealt_resisted":62,"minecraft:eat_cake_slice":15,"minecraft:leave_game":2,"minecraft:time_since_death":39298,"minecraft:damage_resisted":24,"minecraft:sleep_in_bed":8,"minecraft:climb_one_cm":1129,"minecraft:time_since_rest":39355,"minecraft:sprint_one_cm":113379,"minecraft:damage_taken":2748,"minecraft:walk_one_cm":142389,"minecraft:damage_dealt":100,"minecraft:swim_one_cm":8127,"minecraft:talked_to_villager":1,"minecraft:fly_one_cm":95293,"minecraft:open_chest":13,"minecraft:crouch_one_cm":2549,"minecraft:play_time":86939,"minecraft:deaths":8,"minecraft:sneak_time":1380,"minecraft:walk_under_water_one_cm":7108,"minecraft:jump":456,"minecraft:interact_with_blast_furnace":2,"minecraft:walk_on_water_one_cm":3258,"minecraft:total_world_time":86939,"minecraft:fall_one_cm":18399}},"DataVersion":3465}