{"stats":{"minecraft:killed_by":{"minecraft:skeleton":1,"minecraft:spider":1},"minecraft:killed":{"minecraft:cat":27,"minecraft:skeleton":2,"minecraft:spider":2,"minecraft:zombie":6,"minecraft:pig":5,"minecraft:creeper":2},"minecraft:custom":{"minecraft:time_since_rest":1363,"minecraft:crouch_one_cm":3682,"minecraft:play_time":35229,"minecraft:sprint_one_cm":84152,"minecraft:walk_one_cm":40420,"minecraft:sneak_time":2216,"minecraft:deaths":3,"minecraft:walk_under_water_one_cm":4564,"minecraft:mob_kills":45,"minecraft:interact_with_anvil":18,"minecraft:drop":1,"minecraft:jump":648,"minecraft:damage_dealt":208,"minecraft:leave_game":11,"minecraft:time_since_death":1327,"minecraft:walk_on_water_one_cm":1318,"minecraft:total_world_time":35229,"minecraft:swim_one_cm":3038,"minecraft:fly_one_cm":164951,"minecraft:fall_one_cm":23298,"minecraft:damage_taken":1200},"minecraft:used":{"minecraft:anvil":1,"minecraft:grass_block":4,"minecraft:cod":32,"minecraft:dirt":11,"minecraft:cat_spawn_egg":28,"minecraft:pink_petals":1},"minecraft:picked_up":{"minecraft:pink_petals":45,"minecraft:arrow":3,"minecraft:anvil":4,"minecraft:rotten_flesh":2,"minecraft:porkchop":12,"jcraft:stand_arrow":3,"minecraft:cod":500,"minecraft:dirt":11,"minecraft:string":26,"minecraft:cobblestone":12},"minecraft:dropped":{"minecraft:cat_spawn_egg":1},"minecraft:mined":{"minecraft:pink_petals":2,"minecraft:grass":1}},"DataVersion":3465}