{"stats":{"minecraft:used":{"minecraft:rose_bush":8,"minecraft:spruce_planks":8,"minecraft:rotten_flesh":11,"minecraft:dirt":1,"minecraft:anvil":3,"minecraft:sand":11,"minecraft:cod":13,"minecraft:cake":2,"minecraft:dark_oak_planks":3,"minecraft:bread":11,"minecraft:string":2,"minecraft:iron_pickaxe":5,"minecraft:dark_oak_slab":3,"minecraft:cat_spawn_egg":4,"minecraft:golden_axe":1,"minecraft:experience_bottle":2},"minecraft:killed":{"minecraft:cat":1,"minecraft:husk":7,"minecraft:pig":3,"minecraft:zombie_villager":1,"minecraft:spider":8,"minecraft:iron_golem":10,"minecraft:zoglin":1,"minecraft:creeper":5,"minecraft:sheep":7,"minecraft:skeleton":22,"minecraft:zombie":19,"minecraft:drowned":1,"minecraft:illusioner":1,"minecraft:villager":1},"minecraft:killed_by":{"minecraft:husk":3,"minecraft:skeleton":5,"minecraft:spider":1,"minecraft:zombie":1,"minecraft:villager":1,"minecraft:zoglin":1},"minecraft:crafted":{"minecraft:iron_pickaxe":1},"minecraft:custom":{"minecraft:mob_kills":89,"minecraft:interact_with_anvil":2,"minecraft:interact_with_crafting_table":3,"minecraft:open_barrel":7,"minecraft:damage_dealt_resisted":62,"minecraft:eat_cake_slice":15,"minecraft:leave_game":5,"minecraft:time_since_death":780,"minecraft:sleep_in_bed":8,"minecraft:climb_one_cm":1129,"minecraft:damage_resisted":416,"minecraft:time_since_rest":809,"minecraft:sprint_one_cm":179213,"minecraft:damage_taken":4656,"minecraft:walk_one_cm":254138,"minecraft:damage_dealt":100,"minecraft:swim_one_cm":13334,"minecraft:talked_to_villager":1,"minecraft:fly_one_cm":170956,"minecraft:open_chest":14,"minecraft:crouch_one_cm":4493,"minecraft:play_time":141436,"minecraft:deaths":14,"minecraft:sneak_time":3667,"minecraft:walk_under_water_one_cm":8761,"minecraft:jump":793,"minecraft:interact_with_blast_furnace":2,"minecraft:walk_on_water_one_cm":6608,"minecraft:total_world_time":141436,"minecraft:fall_one_cm":31894},"minecraft:picked_up":{"minecraft:feather":3,"minecraft:oak_log":2,"minecraft:lantern":3,"minecraft:dirt":44,"minecraft:string":21,"minecraft:dark_oak_trapdoor":1,"minecraft:stone_stairs":7,"minecraft:spawner":6,"minecraft:experience_bottle":6,"minecraft:bone":52,"minecraft:cyan_carpet":4,"minecraft:apple":22,"minecraft:gray_carpet":25,"minecraft:wheat_seeds":4,"minecraft:spruce_planks":19,"minecraft:iron_ingot":289,"minecraft:rose_bush":40,"minecraft:poppy":14,"minecraft:iron_pickaxe":3,"minecraft:light_gray_wool":6,"minecraft:chest":3,"minecraft:dark_oak_stairs":6,"minecraft:book":4,"minecraft:stick":5,"minecraft:dark_oak_slab":3,"minecraft:stone":45,"minecraft:polished_deepslate_stairs":2,"minecraft:porkchop":6,"minecraft:sand":89,"minecraft:blast_furnace":11,"minecraft:grass_block":18,"minecraft:leather_helmet":5,"minecraft:dark_oak_planks":42,"minecraft:coal_ore":1,"minecraft:arrow":44,"minecraft:rotten_flesh":74,"minecraft:slime_ball":8,"minecraft:diamond":5,"minecraft:gold_ingot":15,"minecraft:bread":33,"minecraft:mutton":37,"minecraft:cod":547,"minecraft:coal":33,"minecraft:white_wool":7,"minecraft:sunflower":13},"minecraft:mined":{"minecraft:dark_oak_planks":5,"minecraft:spruce_planks":2,"minecraft:blast_furnace":5,"minecraft:chest":1,"minecraft:rose_bush":5,"minecraft:grass":6,"minecraft:oak_log":2}},"DataVersion":3465}