{"stats":{"minecraft:used":{"minecraft:rose_bush":8,"jcraft:knife":41,"minecraft:spruce_planks":8,"minecraft:rotten_flesh":21,"minecraft:sand":11,"minecraft:white_wool":2,"minecraft:mutton":10,"minecraft:anvil":4,"minecraft:dirt":28,"minecraft:cod":29,"minecraft:cyan_wool":1,"minecraft:cake":2,"minecraft:dark_oak_planks":5,"minecraft:black_wool":1,"minecraft:red_tulip":1,"minecraft:string":3,"minecraft:chicken":6,"minecraft:grass_block":15,"minecraft:bread":16,"minecraft:iron_pickaxe":5,"minecraft:cyan_carpet":4,"minecraft:chicken_spawn_egg":291,"minecraft:red_terracotta":1,"minecraft:dark_oak_slab":3,"minecraft:cat_spawn_egg":4,"minecraft:fishing_rod":15,"minecraft:beef":2,"minecraft:porkchop":7,"minecraft:pumpkin_pie":1,"minecraft:coarse_dirt":3,"minecraft:golden_axe":1,"minecraft:experience_bottle":3},"minecraft:custom":{"minecraft:interact_with_anvil":2,"minecraft:mob_kills":633,"minecraft:interact_with_crafting_table":3,"minecraft:open_barrel":8,"minecraft:damage_dealt_resisted":62,"minecraft:eat_cake_slice":15,"minecraft:leave_game":9,"minecraft:time_since_death":1594,"minecraft:damage_resisted":1044,"minecraft:sleep_in_bed":9,"minecraft:climb_one_cm":1977,"minecraft:time_since_rest":1639,"minecraft:sprint_one_cm":581441,"minecraft:damage_taken":16378,"minecraft:walk_one_cm":697324,"minecraft:drop":170,"minecraft:damage_dealt":110,"minecraft:swim_one_cm":39157,"minecraft:fly_one_cm":580111,"minecraft:talked_to_villager":1,"minecraft:open_chest":18,"minecraft:crouch_one_cm":16766,"minecraft:play_time":319307,"minecraft:sneak_time":11735,"minecraft:deaths":51,"minecraft:walk_under_water_one_cm":22393,"minecraft:jump":2528,"minecraft:interact_with_blast_furnace":3,"minecraft:walk_on_water_one_cm":21570,"minecraft:total_world_time":319307,"minecraft:fall_one_cm":85674},"minecraft:killed_by":{"minecraft:husk":4,"minecraft:skeleton":7,"minecraft:creeper":3,"minecraft:spider":2,"minecraft:zombie":3,"minecraft:villager":1,"minecraft:iron_golem":28,"minecraft:zoglin":1},"minecraft:mined":{"minecraft:spruce_planks":2,"minecraft:blast_furnace":5,"minecraft:chest":1,"minecraft:rose_bush":7,"minecraft:tall_grass":3,"minecraft:grass":52,"minecraft:oak_log":2,"minecraft:cyan_carpet":1,"minecraft:dark_oak_planks":5},"minecraft:dropped":{"minecraft:gravel":2,"minecraft:bread":2,"minecraft:iron_ingot":118,"minecraft:porkchop":2,"minecraft:wheat_seeds":2,"jcraft:anubis":147,"minecraft:wheat":7,"minecraft:grass_block":1,"minecraft:coal":6,"minecraft:cod":140,"minecraft:dirt":1,"minecraft:stone":7,"minecraft:gunpowder":1,"minecraft:chest":1,"minecraft:sunflower":3,"minecraft:arrow":5,"minecraft:iron_pickaxe":1,"minecraft:dark_oak_planks":2,"minecraft:string":1,"minecraft:fishing_rod":1,"minecraft:bone":8},"minecraft:killed":{"minecraft:cat":1,"minecraft:husk":15,"minecraft:pig":23,"minecraft:zombie_villager":1,"minecraft:spider":17,"minecraft:iron_golem":43,"minecraft:frog":1,"minecraft:zoglin":1,"minecraft:creeper":19,"minecraft:sheep":38,"minecraft:horse":3,"minecraft:skeleton":37,"minecraft:zombie":54,"minecraft:chicken":359,"minecraft:illusioner":1,"minecraft:drowned":1,"minecraft:villager":1,"minecraft:cow":13,"minecraft:enderman":3},"minecraft:picked_up":{"minecraft:coarse_dirt":14,"minecraft:charcoal":6,"minecraft:fishing_rod":5,"minecraft:birch_door":3,"minecraft:wheat":42,"minecraft:feather":320,"minecraft:chicken":328,"minecraft:leather":40,"minecraft:mushroom_stew":3,"minecraft:oak_log":2,"minecraft:gunpowder":53,"minecraft:lantern":3,"minecraft:string":61,"minecraft:dirt":440,"minecraft:dark_oak_trapdoor":1,"minecraft:stone_stairs":7,"minecraft:spawner":6,"minecraft:bone":210,"minecraft:experience_bottle":6,"minecraft:cyan_carpet":8,"minecraft:apple":31,"minecraft:gray_carpet":27,"minecraft:wheat_seeds":49,"minecraft:spruce_planks":19,"minecraft:iron_ingot":1929,"minecraft:beef":75,"minecraft:iron_ore":6,"minecraft:rose_bush":106,"minecraft:iron_pickaxe":6,"minecraft:poppy":109,"minecraft:light_gray_wool":9,"minecraft:chest":26,"minecraft:dark_oak_stairs":6,"minecraft:egg":6,"minecraft:book":4,"minecraft:stick":7,"minecraft:dark_oak_slab":3,"minecraft:stone":153,"jcraft:knife":21,"minecraft:polished_deepslate_stairs":2,"jcraft:anubis":147,"minecraft:gravel":38,"minecraft:porkchop":85,"minecraft:sand":196,"minecraft:blast_furnace":11,"minecraft:grass_block":107,"minecraft:lily_of_the_valley":4,"minecraft:barrel":2,"minecraft:red_terracotta":2,"minecraft:leather_helmet":5,"minecraft:dark_oak_planks":61,"minecraft:waxed_cut_copper_stairs":2,"minecraft:arrow":111,"minecraft:coal_ore":1,"minecraft:rotten_flesh":159,"minecraft:slime_ball":16,"minecraft:diamond":5,"minecraft:pumpkin_pie":5,"minecraft:red_tulip":117,"minecraft:gold_ingot":21,"minecraft:glistering_melon_slice":9,"minecraft:bread":55,"minecraft:black_wool":7,"minecraft:mutton":161,"minecraft:coal":61,"minecraft:cod":1101,"minecraft:white_wool":102,"minecraft:sunflower":69},"minecraft:crafted":{"minecraft:iron_pickaxe":1}},"DataVersion":3465}