{"stats":{"minecraft:picked_up":{"minecraft:crafting_table":3,"minecraft:azure_bluet":1,"minecraft:feather":30,"minecraft:chicken":7,"minecraft:ladder":1,"minecraft:anvil":1,"minecraft:tripwire_hook":1,"minecraft:leather":34,"minecraft:lead":1,"minecraft:wooden_pickaxe":6,"minecraft:potion":2,"jcraft:cinderella_green_block":4,"minecraft:gunpowder":22,"minecraft:string":76,"minecraft:dirt":337,"minecraft:lantern":3,"minecraft:acacia_door":4,"minecraft:compass":4,"minecraft:bone":161,"minecraft:cyan_carpet":1,"minecraft:acacia_planks":188,"minecraft:apple":18,"minecraft:wheat_seeds":63,"minecraft:iron_ingot":213,"minecraft:beef":168,"minecraft:stone_pickaxe":5,"minecraft:poppy":48,"minecraft:light_gray_wool":2,"minecraft:sugar_cane":16,"minecraft:acacia_sapling":4,"minecraft:oak_planks":4,"minecraft:egg":6,"minecraft:stick":18,"minecraft:raw_iron":35,"minecraft:stone":10,"minecraft:dandelion":1,"minecraft:acacia_log":21,"minecraft:porkchop":142,"minecraft:cake":13,"minecraft:grass_block":95,"minecraft:black_dye":1,"jcraft:stand_disc":4,"minecraft:arrow":121,"minecraft:rotten_flesh":161,"minecraft:stone_axe":5,"minecraft:pumpkin_pie":9,"minecraft:hay_block":22,"minecraft:gray_wool":5,"minecraft:bread":249,"minecraft:white_terracotta":11,"minecraft:black_wool":7,"minecraft:mutton":60,"minecraft:coal":9,"minecraft:cod":129,"minecraft:white_wool":55,"minecraft:cobblestone":28},"minecraft:killed":{"minecraft:cat":25,"minecraft:husk":15,"minecraft:pig":17,"minecraft:zombie_villager":1,"minecraft:spider":21,"minecraft:iron_golem":19,"minecraft:creeper":7,"minecraft:skeleton":36,"minecraft:sheep":16,"minecraft:donkey":2,"minecraft:zombie":37,"minecraft:chicken":5,"minecraft:illusioner":2,"jcraft:aya_tsuji":1,"minecraft:cow":12},"minecraft:mined":{"minecraft:acacia_leaves":2,"jcraft:cinderella_green_block":4,"minecraft:crafting_table":1,"minecraft:ladder":1,"minecraft:chiseled_bookshelf":1,"minecraft:acacia_log":21,"minecraft:poppy":1,"minecraft:grass_block":4,"minecraft:tall_grass":20,"minecraft:cobblestone":7,"minecraft:oak_planks":2,"minecraft:sugar_cane":6,"minecraft:spawner":5,"minecraft:white_terracotta":9,"minecraft:hay_block":22,"minecraft:iron_ore":5,"minecraft:anvil":1,"minecraft:grass":124,"minecraft:coal_ore":3,"minecraft:lantern":2,"minecraft:cyan_carpet":1,"minecraft:acacia_door":2,"minecraft:dirt":7,"minecraft:tripwire_hook":1,"minecraft:acacia_planks":28,"minecraft:stone":11,"minecraft:white_wool":11,"minecraft:cake":1},"minecraft:crafted":{"minecraft:crafting_table":2,"minecraft:wooden_pickaxe":1,"minecraft:stone_axe":1,"minecraft:bread":42,"minecraft:stick":12,"minecraft:stone_pickaxe":1,"minecraft:chest":1,"minecraft:acacia_door":3,"minecraft:acacia_planks":84,"minecraft:wheat":126},"minecraft:killed_by":{"minecraft:skeleton":2,"minecraft:creeper":1,"minecraft:spider":1,"minecraft:zombie":1,"minecraft:iron_golem":2},"minecraft:used":{"minecraft:stone_pickaxe":50,"minecraft:ladder":1,"minecraft:oak_planks":3,"minecraft:chest":1,"minecraft:wooden_pickaxe":8,"minecraft:white_terracotta":7,"travelersbackpack:dragon":1,"minecraft:rotten_flesh":2,"minecraft:white_wool":20,"minecraft:dirt":33,"minecraft:anvil":4,"minecraft:crafting_table":3,"minecraft:stone_brick_wall":3,"minecraft:cod":1,"minecraft:cake":3,"minecraft:black_wool":2,"minecraft:acacia_door":3,"minecraft:grass_block":2,"minecraft:lantern":63,"minecraft:bread":38,"minecraft:cat_spawn_egg":16,"minecraft:stone_axe":67,"minecraft:light_gray_wool":2,"jcraft:cinderella_green_block":4,"minecraft:cobblestone":7,"minecraft:wolf_spawn_egg":1,"minecraft:gray_bed":2,"minecraft:gray_wool":1,"minecraft:acacia_planks":48},"minecraft:custom":{"minecraft:interact_with_anvil":3,"minecraft:mob_kills":218,"minecraft:animals_bred":3,"minecraft:interact_with_crafting_table":9,"minecraft:tune_noteblock":6,"minecraft:open_barrel":12,"minecraft:eat_cake_slice":9,"minecraft:damage_dealt_resisted":938,"minecraft:leave_game":6,"minecraft:time_since_death":8583,"minecraft:damage_resisted":445,"minecraft:climb_one_cm":19088,"minecraft:time_since_rest":8624,"minecraft:sprint_one_cm":420402,"minecraft:damage_taken":8868,"minecraft:walk_one_cm":666672,"minecraft:drop":13,"minecraft:damage_dealt":644,"minecraft:swim_one_cm":8452,"minecraft:fly_one_cm":1553410,"minecraft:open_chest":15,"minecraft:crouch_one_cm":13521,"minecraft:play_time":251356,"minecraft:deaths":12,"minecraft:sneak_time":9220,"minecraft:walk_under_water_one_cm":10264,"minecraft:jump":2236,"minecraft:walk_on_water_one_cm":6641,"minecraft:fall_one_cm":99890,"minecraft:total_world_time":251356},"minecraft:dropped":{"minecraft:wheat_seeds":13,"minecraft:chicken":1,"minecraft:rotten_flesh":2,"minecraft:azure_bluet":1,"minecraft:cod":1,"minecraft:dirt":1,"minecraft:gunpowder":2,"minecraft:acacia_sapling":1,"minecraft:string":9,"minecraft:cyan_carpet":1,"minecraft:egg":1}},"DataVersion":3465}