{"stats":{"minecraft:crafted":{"minecraft:crafting_table":2,"minecraft:wooden_pickaxe":1,"minecraft:stone_axe":1,"minecraft:bread":42,"minecraft:stick":12,"minecraft:stone_pickaxe":1,"minecraft:acacia_planks":84,"minecraft:wheat":126},"minecraft:picked_up":{"minecraft:crafting_table":1,"minecraft:feather":18,"minecraft:chicken":6,"minecraft:leather":12,"minecraft:lead":1,"minecraft:gunpowder":6,"minecraft:dirt":15,"minecraft:string":46,"minecraft:compass":1,"minecraft:bone":4,"minecraft:wheat_seeds":20,"minecraft:beef":32,"minecraft:iron_ingot":15,"minecraft:poppy":2,"minecraft:light_gray_wool":2,"minecraft:acacia_sapling":1,"minecraft:egg":3,"minecraft:raw_iron":5,"minecraft:stick":2,"minecraft:acacia_log":21,"minecraft:porkchop":53,"minecraft:arrow":11,"minecraft:rotten_flesh":17,"minecraft:hay_block":15,"minecraft:gray_wool":2,"minecraft:bread":74,"minecraft:black_wool":2,"minecraft:mutton":26,"minecraft:cod":30,"minecraft:coal":3,"minecraft:cobblestone":11,"minecraft:white_wool":28},"minecraft:killed_by":{"minecraft:skeleton":1,"minecraft:zombie":1},"minecraft:mined":{"minecraft:acacia_leaves":2,"minecraft:crafting_table":1,"minecraft:acacia_log":21,"minecraft:grass_block":4,"minecraft:poppy":1,"minecraft:tall_grass":12,"minecraft:hay_block":15,"minecraft:iron_ore":5,"minecraft:grass":68,"minecraft:coal_ore":3,"minecraft:dirt":6,"minecraft:stone":11,"minecraft:white_wool":11},"minecraft:custom":{"minecraft:mob_kills":67,"minecraft:interact_with_anvil":2,"minecraft:interact_with_crafting_table":7,"minecraft:leave_game":3,"minecraft:time_since_death":34341,"minecraft:climb_one_cm":2204,"minecraft:damage_resisted":237,"minecraft:time_since_rest":34377,"minecraft:sprint_one_cm":114494,"minecraft:damage_taken":935,"minecraft:walk_one_cm":160060,"minecraft:drop":1,"minecraft:damage_dealt":18,"minecraft:swim_one_cm":78,"minecraft:fly_one_cm":1196867,"minecraft:open_chest":3,"minecraft:crouch_one_cm":1688,"minecraft:play_time":97427,"minecraft:deaths":2,"minecraft:sneak_time":2333,"minecraft:walk_under_water_one_cm":3077,"minecraft:jump":854,"minecraft:walk_on_water_one_cm":1385,"minecraft:total_world_time":97427,"minecraft:fall_one_cm":21211},"minecraft:dropped":{"minecraft:cod":1},"minecraft:killed":{"minecraft:cat":21,"minecraft:pig":10,"minecraft:zombie_villager":1,"minecraft:spider":2,"minecraft:creeper":2,"minecraft:sheep":10,"minecraft:skeleton":3,"minecraft:zombie":6,"minecraft:chicken":4,"minecraft:cow":8},"minecraft:used":{"minecraft:stone_pickaxe":16,"minecraft:oak_planks":3,"minecraft:wooden_pickaxe":8,"minecraft:rotten_flesh":2,"minecraft:white_wool":14,"minecraft:dirt":5,"minecraft:anvil":2,"minecraft:crafting_table":2,"minecraft:stone_brick_wall":3,"minecraft:lantern":61,"minecraft:bread":13,"minecraft:cat_spawn_egg":16,"minecraft:stone_axe":19,"minecraft:light_gray_wool":2,"minecraft:gray_bed":2}},"DataVersion":3465}