{
  "dungeons_arise:wda_root": {
    "criteria": {
      "WDA": "2024-11-18 02:17:53 +0000"
    },
    "done": true
  },
  "minecraft:recipes/decorations/crafting_table": {
    "criteria": {
      "unlock_right_away": "2024-11-18 02:17:53 +0000"
    },
    "done": true
  },
  "minecraft:adventure/adventuring_time": {
    "criteria": {
      "minecraft:river": "2024-11-18 02:39:23 +0000",
      "minecraft:forest": "2024-11-18 02:37:50 +0000",
      "minecraft:plains": "2024-11-18 02:37:52 +0000"
    },
    "done": false
  },
  "jcraft:obtain_stand_arrow": {
    "criteria": {
      "has_arrow": "2024-11-18 02:39:05 +0000"
    },
    "done": true
  },
  "jcraft:recipes/misc/requiem_arrow": {
    "criteria": {
      "has_arrow": "2024-11-18 02:39:05 +0000"
    },
    "done": true
  },
  "jcraft:recipes/misc/stand_disc": {
    "criteria": {
      "has_arrow": "2024-11-18 02:39:05 +0000"
    },
    "done": true
  },
  "jcraft:recipes/misc/living_arrow": {
    "criteria": {
      "has_arrow": "2024-11-18 02:39:05 +0000"
    },
    "done": true
  },
  "minecraft:adventure/root": {
    "criteria": {
      "killed_by_something": "2024-11-18 02:40:33 +0000"
    },
    "done": true
  },
  "jcraft:obtain_stand_disc": {
    "criteria": {
      "has_disc": "2024-11-18 02:42:31 +0000"
    },
    "done": true
  },
  "DataVersion": 3465
}